id,price,longitude,latitude
1,99329,116.471006,40.016871
2,59741,116.430477,40.001053
3,68456,116.642449,39.899814
4,93696,116.376015,40.018207
5,40152,116.338225,40.08248
6,55747,116.530553,39.921425
7,39718,116.235609,40.230534
8,43487,116.328035,40.078668
9,57644,116.488479,39.993976
10,77872,116.426534,40.002876
11,55824,116.333726,39.763334
12,92733,116.379711,40.017883
13,31903,116.415742,40.077796
14,41645,116.332045,40.081334
15,52079,116.34663,40.096608
16,47309,116.236106,39.899968
17,127237,116.355272,39.919868
18,42684,116.328035,40.078668
19,82719,116.463876,40.001253
20,25442,116.650438,39.920818
21,25232,116.650438,39.920818
22,43737,116.108792,39.957754
23,51479,116.648674,39.899289
24,50730,116.221549,39.905466
25,47923,116.6512,39.898186
26,70483,116.436169,40.001247
27,74240,116.467922,39.993105
28,94578,116.463539,39.987791
29,63552,116.384155,40.070139
30,81152,116.248549,39.93479
31,54082,116.517963,39.86507
32,52259,116.566117,39.956661
33,108315,116.442531,39.89667
34,74938,116.503568,39.916109
35,59533,116.530553,39.921425
36,63120,116.472064,39.88768
37,88777,116.357471,39.973789
38,53621,116.333726,39.763334
39,65912,116.491575,39.984428
40,42493,116.341467,40.087007
41,65916,116.343785,39.893621
42,82965,116.463539,39.987791
43,44764,116.111318,39.949921
44,86524,116.463876,40.001253
45,49587,116.612765,39.905006
46,62079,116.504432,39.960357
47,83704,116.441336,39.963162
48,59736,116.521774,39.94004
49,74642,116.388522,39.985964
50,99642,116.309462,39.941053
51,76157,116.463876,40.001253
52,73737,116.345863,39.877035
53,89684,116.490525,39.97146
54,84689,116.492991,40.000253
55,25122,116.445785,40.077726
56,82723,116.390064,40.007825
57,111701,116.428303,39.929284
58,69256,116.473169,39.994603
59,30347,116.445996,40.069568
60,55877,116.712033,39.925108
61,52017,116.357513,40.0711
62,42123,116.354287,40.079237
63,46253,116.309045,40.083072
64,69955,116.446047,39.964131
65,52589,116.678048,39.933473
66,48582,116.57395,39.92878
67,41773,116.302168,40.090052
68,53282,116.708466,39.925012
69,50339,116.335484,40.09232
70,43376,116.337461,40.086345
71,49902,116.68461,39.911076
72,51259,116.640671,39.901842
73,39616,116.431552,40.082903
74,38168,116.416156,40.082585
75,50377,116.42537,40.052808
76,90641,116.474112,39.997308
77,62987,116.476921,39.983744
78,91526,116.485379,40.009067
79,36185,116.428411,40.135623
80,84357,116.490525,39.97146
81,71329,116.419162,40.031546
82,64355,116.471931,40.008739
83,49996,116.648255,39.931905
84,55631,116.330198,40.074228
85,58830,116.704315,39.92475
86,35413,116.338639,40.079333
87,43776,116.338639,40.079333
88,46436,116.338639,40.079333
89,51582,116.335332,40.067075
90,52354,116.679317,39.889108
91,61141,116.689623,39.907949
92,37772,116.38138,40.092631
93,69899,116.415431,39.896044
94,40858,116.432684,40.077562
95,70773,116.459186,39.959951
96,28005,116.85037,39.963617
97,99781,116.316672,39.98346
98,59503,116.300341,39.851342
99,68732,116.328449,39.849606
100,59528,116.430562,40.045549
101,90408,116.340034,39.885855
102,73665,116.298566,39.928982
103,82133,116.46028,39.957618
104,48991,116.194258,39.936397
105,42844,116.425304,40.112553
106,108642,116.311592,39.977698
107,40898,116.104623,39.939443
108,55758,116.276504,39.888722
109,72753,116.457117,39.971046
110,77048,116.419299,39.99709
111,48851,116.68188,39.905547
112,45510,116.563698,39.953429
113,76451,116.485616,40.006096
114,46196,116.578532,39.928987
115,44861,116.641021,39.914053
116,47255,116.458721,39.817347
117,40210,116.415742,40.077796
118,79031,116.458573,39.905492
119,59621,116.694847,39.921775
120,78363,116.52013,39.936383
121,82223,116.404579,39.978491
122,45404,116.272871,40.235619
123,52950,116.661469,39.93066
124,85443,116.271746,40.05804
125,86712,116.492991,40.000253
126,45448,116.312476,39.9505
127,72657,116.486709,39.895879
128,47316,116.167112,39.936388
129,32367,116.432684,40.077562
130,55036,116.330198,40.074228
131,39035,116.649091,40.144305
132,87338,116.425978,40.002211
133,109218,116.289427,39.959175
134,39187,116.385869,39.772399
135,88045,116.382606,39.983696
136,31632,116.828287,39.970903
137,92449,116.434155,39.893704
138,94378,116.308879,39.921413
139,65116,116.689244,39.873245
140,110008,116.38999,39.88826
141,48296,116.694847,39.921775
142,75125,116.368508,39.955767
143,85173,116.349616,39.895733
144,90710,116.367818,39.959568
145,37527,116.43942,40.072066
146,94675,116.308482,39.943704
147,52001,116.379856,40.085112
148,91013,116.463539,39.987791
149,74012,116.446371,39.964132
150,57820,116.511419,39.981872
151,42190,116.678491,40.127539
152,47008,116.161141,39.932229
153,70852,116.343598,39.983679
154,81019,116.389861,39.987427
155,47949,116.20383,39.925938
156,62387,116.373014,39.859478
157,41239,116.432684,40.077562
158,37984,116.670101,40.118729
159,46448,116.373168,40.086703
160,32832,116.415742,40.077796
161,59456,116.269851,39.897262
162,71984,116.377658,39.860073
163,42918,116.331446,40.085293
164,49445,116.639467,39.904485
165,47995,116.235366,40.216037
166,62092,116.362306,40.035119
167,64951,116.47773,40.002156
168,82053,116.44012,40.046751
169,66189,116.386248,40.069552
170,37719,116.347998,40.087773
171,25599,116.85037,39.963617
172,56355,116.689244,39.873245
173,29936,116.445785,40.077726
174,46369,116.379778,39.840643
175,48654,116.669688,39.882768
176,25000,116.85037,39.963617
177,32788,116.416156,40.082585
178,143770,116.35854,39.906424
179,43426,116.42376,40.0514
180,41672,116.414419,40.053455
181,38720,116.66841,40.142858
182,56537,116.662088,39.893938
183,96257,116.348282,39.892777
184,50780,116.345917,40.066018
185,29918,116.419752,40.135608
186,52020,116.636059,39.907157
187,64814,116.372735,39.851209
188,45084,116.335484,40.09232
189,46393,116.35699,40.093976
190,46233,116.35699,40.093976
191,62858,116.390643,39.997027
192,68830,116.421876,40.008585
193,42578,116.349005,40.079347
194,46623,116.353594,40.088104
195,84936,116.359588,39.970768
196,64317,116.247008,39.906426
197,80537,116.433356,40.005811
198,53095,116.228639,39.907678
199,111276,116.320453,40.039032
200,36111,116.43942,40.072066
201,60527,116.463907,40.007017
202,93765,116.301709,39.919502
203,98922,116.305063,39.91533
204,117180,116.476546,39.905624
205,48567,116.566325,39.914057
206,74041,116.247008,39.906426
207,58716,116.430562,40.045549
208,89489,116.49983,39.94453
209,63311,116.437132,40.029448
210,107023,116.310955,39.937801
211,67856,116.337135,40.044991
212,42726,116.429292,40.111125
213,56176,116.324073,40.082161
214,98993,116.486709,39.895879
215,83726,116.445284,39.925343
216,78873,116.287719,39.931907
217,46770,116.323633,40.084686
218,44376,116.322609,40.082706
219,57326,116.69007,39.870642
220,96774,116.344985,39.891739
221,52500,116.516836,39.906378
222,78727,116.443182,39.990399
223,49497,116.342117,40.089417
224,87108,116.471348,39.90062
225,79070,116.380888,39.986466
226,63830,116.42537,40.052808
227,52714,116.239132,39.906502
228,73060,116.362365,39.953529
229,37079,116.423504,40.083027
230,39245,116.439341,40.082372
231,54430,116.439341,40.082372
232,45774,116.23899,40.216973
233,143483,116.392695,39.969608
234,65057,116.51159,39.903448
235,55486,116.32616,40.046586
236,51961,116.330198,40.074228
237,37420,116.670101,40.118729
238,91205,116.373007,39.999454
239,95785,116.345863,39.877035
240,75771,116.490032,39.993487
241,105229,116.437281,39.918733
242,59797,116.485296,39.991732
243,90848,116.409266,40.003413
244,76207,116.415924,39.997995
245,110109,116.491708,40.003156
246,51000,116.330198,40.074228
247,57895,116.330198,40.074228
248,47561,116.465305,39.818518
249,61917,116.377942,39.847498
250,37819,116.112665,39.95269
251,80972,116.442322,39.922354
252,40610,116.331446,40.085293
253,41203,116.439341,40.082372
254,63733,116.380393,39.843844
255,54923,116.482018,40.004978
256,65026,116.482231,40.009521
257,87759,116.268601,39.933567
258,56503,116.598911,39.932527
259,95407,116.469248,40.012773
260,53689,116.318035,39.857355
261,35265,116.38138,40.092631
262,47298,116.441424,39.813718
263,66966,116.504655,39.965482
264,56491,116.428732,40.048486
265,77159,116.264621,40.087404
266,85002,116.471754,40.02946
267,55649,116.430562,40.045549
268,67871,116.247008,39.906426
269,128205,116.354733,39.931695
270,53911,116.210318,39.916082
271,55986,116.511679,39.923959
272,55893,116.427682,40.050832
273,50924,116.509975,39.970471
274,133919,116.451309,39.979002
275,60458,116.647356,39.896263
276,58577,116.387828,39.852874
277,44448,116.629595,39.911506
278,48020,116.636059,39.907157
279,48384,116.335484,40.09232
280,82651,116.411853,39.974368
281,40010,116.343862,40.074863
282,135135,116.325385,39.984968
283,55720,116.434388,40.0451
284,39420,116.445996,40.069568
285,65326,116.334148,40.057145
286,53950,116.65133,39.892675
287,57807,116.399702,39.848513
288,41212,116.318694,40.087485
289,65744,116.411858,39.869364
290,41398,116.372841,40.080111
291,59880,116.435735,39.853176
292,92112,116.464603,39.905054
293,110297,116.447783,39.94387
294,77019,116.264969,39.927867
295,54313,116.511419,39.981872
296,80297,116.422403,39.987661
297,47452,116.35814,40.088663
298,54760,116.421985,40.058455
299,34577,116.415742,40.077796
300,24468,116.430012,40.066244
301,101160,116.355646,39.982502
302,84559,116.367353,39.954685
303,69438,116.220283,40.043636
304,98878,116.490032,39.993487
305,93220,116.487866,40.011938
306,27930,116.134573,39.746639
307,45623,116.331446,40.085293
308,128350,116.387037,39.95917
309,78407,116.410445,40.040689
310,85789,116.461153,39.994177
311,50757,116.676119,39.875612
312,66347,116.700632,39.914747
313,143338,116.303301,39.9707
314,81195,116.257014,40.054948
315,123707,116.38483,40.014138
316,145173,116.301832,39.972868
317,77882,116.318374,39.971443
318,79142,116.404579,39.978491
319,73024,116.343898,39.995983
320,74981,116.420099,39.901616
321,73813,116.420136,39.989832
322,45062,116.485785,39.80512
323,71187,116.439722,39.868674
324,59809,116.483888,40.004499
325,81340,116.381497,39.97775
326,54880,116.674053,39.882658
327,33567,116.416156,40.082585
328,40951,116.439341,40.082372
329,48259,116.382471,40.08696
330,68921,116.37555,40.042102
331,102571,116.305645,39.939333
332,80488,116.286376,39.959535
333,65505,116.410907,40.010894
334,110333,116.385168,39.900454
335,94830,116.365812,39.960581
336,90290,116.490651,39.895343
337,68214,116.247008,39.906426
338,49793,116.643924,39.889841
339,38938,116.415742,40.077796
340,62927,116.700632,39.914747
341,84653,116.301217,40.028811
342,65421,116.501958,39.882586
343,67199,116.287408,39.906807
344,69120,116.51159,39.903448
345,69930,116.456697,39.922284
346,96537,116.373534,39.987628
347,87349,116.429743,39.96941
348,81804,116.548246,39.969542
349,48985,116.238706,39.854004
350,84946,116.368957,39.954839
351,46635,116.172299,39.931943
352,53110,116.555368,40.113521
353,76987,116.439095,39.983437
354,37334,116.43942,40.072066
355,45064,116.415742,40.077796
356,64356,116.598911,39.932527
357,59124,116.59503,39.92974
358,85765,116.514316,39.918722
359,59926,116.504346,39.881279
360,70588,116.461949,40.003018
361,53967,116.256241,39.89887
362,61657,116.499479,39.928739
363,57880,116.464542,39.994386
364,91549,116.490032,39.993487
365,60724,116.700632,39.914747
366,81696,116.355665,40.016785
367,65147,116.396844,39.872512
368,97005,116.437281,39.918733
369,46393,116.35699,40.093976
370,41414,116.554715,40.107876
371,70936,116.481447,39.937145
372,45106,116.17517,39.940346
373,54837,116.315096,39.857138
374,81671,116.45968,39.999245
375,46078,116.359156,40.079209
376,51868,116.316963,40.056306
377,104928,116.3328,39.938358
378,56662,116.318035,39.857355
379,65042,116.462536,39.996423
380,76492,116.412689,39.867798
381,38947,116.670101,40.118729
382,69061,116.461949,40.003018
383,67854,116.214924,39.927902
384,88982,116.257014,40.054948
385,90864,116.441608,39.898639
386,39592,116.550348,39.755625
387,57667,116.291788,39.855182
388,54220,116.651623,39.894471
389,81633,116.451391,39.943064
390,35647,116.431552,40.082903
391,74252,116.459197,39.967298
392,44391,116.498756,39.807081
393,101626,116.431358,40.009996
394,47384,116.649343,39.904371
395,40778,116.152698,40.116606
396,46400,116.35699,40.093976
397,31839,116.445785,40.077726
398,67114,116.508983,39.871912
399,103041,116.340103,39.98
400,43483,116.559275,40.113935
401,31250,116.549499,39.746067
402,94135,116.271746,40.05804
403,48969,116.452967,39.818019
404,47706,116.653763,39.901479
405,58143,116.318616,39.946663
406,70769,116.511545,39.904464
407,61940,116.433365,40.048629
408,50316,116.588913,39.922146
409,60081,116.412985,40.062212
410,98068,116.464603,39.905054
411,50128,116.643044,39.878713
412,57184,116.41718,39.851679
413,55061,116.509581,39.966366
414,41494,116.249916,40.227383
415,66964,116.498731,39.918076
416,42613,116.445785,40.077726
417,68232,116.512916,39.966511
418,109663,116.360016,39.939659
419,91386,116.409266,40.003413
420,61348,116.689244,39.873245
421,46242,116.43942,40.072066
422,35209,116.266541,40.227012
423,51901,116.675733,39.880941
424,90403,116.398206,39.979381
425,27267,116.85037,39.963617
426,54729,116.338433,40.051503
427,80534,116.472178,39.940931
428,66561,116.513063,39.937121
429,44845,116.441424,39.813718
430,76089,116.247008,39.906426
431,46260,116.421842,40.119709
432,66772,116.44931,39.964914
433,73929,116.427825,40.046804
434,75427,116.493655,39.905367
435,52398,116.188426,39.935915
436,43387,116.417866,40.134243
437,44860,116.41678,40.071013
438,129714,116.434147,39.953592
439,82091,116.356817,40.007497
440,69845,116.51159,39.903448
441,87567,116.403304,39.891691
442,80429,116.47792,39.932306
443,73511,116.521812,39.930841
444,95939,116.400701,39.972998
445,20795,116.85037,39.963617
446,56323,116.318035,39.857355
447,47408,116.651427,39.902087
448,86715,116.492991,40.000253
449,36387,116.685452,39.94297
450,50558,116.639934,39.908698
451,43642,116.667038,39.942451
452,63016,116.425063,40.044097
453,49979,116.594761,39.921447
454,48392,116.697005,39.925858
455,47393,116.658082,39.92439
456,47158,116.443443,39.871164
457,108180,116.437025,40.059329
458,74659,116.491708,40.003156
459,79501,116.463876,40.001253
460,26181,116.85037,39.963617
461,24382,116.417866,40.134243
462,36073,116.344557,39.780149
463,43929,116.234237,39.910707
464,54348,116.621507,39.933755
465,53783,116.359358,39.964464
466,42794,116.414419,40.053455
467,39735,116.37785,39.842419
468,22003,116.164214,39.728157
469,43276,116.588913,39.922146
470,90310,116.347797,39.976432
471,58845,116.461949,40.003018
472,94901,116.322959,40.040525
473,80233,116.437025,40.059329
474,69733,116.463907,40.007017
475,92916,116.445751,39.903761
476,70116,116.446167,39.969777
477,100000,116.459652,39.901899
478,54107,116.419296,39.853261
479,66869,116.437122,39.996635
480,85781,116.409688,39.958188
481,47985,116.415343,40.075533
482,73654,116.286376,39.959535
483,124858,116.350282,39.915711
484,101604,116.340103,39.98
485,54368,116.483888,40.004499
486,76414,116.420546,39.997876
487,87167,116.287746,40.038617
488,77625,116.463876,40.001253
489,31646,116.415742,40.077796
490,108245,116.288287,39.968979
491,89635,116.473987,39.998614
492,76713,116.483671,39.895896
493,106654,116.465491,39.901678
494,111203,116.400533,39.962226
495,66667,116.493655,39.905367
496,84077,116.52013,39.936383
497,38627,116.43942,40.072066
498,41071,116.116153,39.91378
499,84643,116.420546,39.997876
500,39721,116.38138,40.092631
501,42577,116.322609,40.089206
502,56825,116.65244,39.883322
503,58453,116.609957,39.91983
504,46304,116.338225,40.08248
505,55408,116.65133,39.892675
506,45262,116.332045,40.081334
507,72612,116.465871,40.007369
508,111235,116.427002,39.962219
509,101735,116.2853,39.968624
510,79397,116.311774,39.942594
511,62708,116.421401,40.034126
512,81173,116.373169,40.021847
513,91446,116.342897,39.956163
514,87786,116.484696,39.903711
515,47592,116.612342,39.935122
516,48708,116.650653,39.914862
517,51361,116.679544,39.893065
518,79565,116.483539,39.930342
519,66028,116.429289,40.040731
520,58022,116.621507,39.933755
521,103634,116.491708,40.003156
522,96125,116.471006,40.016871
523,89633,116.485379,40.009067
524,66030,116.283232,39.888903
525,68858,116.47773,40.002156
526,78522,116.489254,40.006445
527,52618,116.599468,39.935619
528,63291,116.250662,39.910338
529,89961,116.463539,39.987791
530,71952,116.337135,40.044991
531,41789,116.112665,39.95269
532,97270,116.504482,39.942714
533,79971,116.441781,39.991956
534,58919,116.430562,40.045549
535,67849,116.506351,39.966185
536,42640,116.349005,40.079347
537,61615,116.412985,40.062212
538,40361,116.670101,40.118729
539,100932,116.376871,39.963076
540,80752,116.463777,39.959726
541,99522,116.305063,39.91533
542,90206,116.308879,39.921413
543,54436,116.397236,39.864463
544,70093,116.220283,40.043636
545,103478,116.435751,39.902151
546,82560,116.471348,39.90062
547,56109,116.609957,39.91983
548,96505,116.304415,39.918055
549,81944,116.442298,39.970551
550,72167,116.442298,39.970551
551,50916,116.200526,39.9325
552,72996,116.363582,39.852291
553,74711,116.513137,39.978272
554,84894,116.405688,39.957686
555,73067,116.302492,39.893778
556,51220,116.233915,39.8972
557,90260,116.435751,39.902151
558,40706,116.23899,40.216973
559,66784,116.395279,39.865356
560,41098,116.43942,40.072066
561,112016,116.351134,39.914348
562,65668,116.357041,40.033886
563,85336,116.344999,39.9852
564,59966,116.506039,39.963312
565,100015,116.37913,39.887761
566,119763,116.301211,39.914874
567,33929,116.722221,40.087052
568,59363,116.514079,39.873141
569,76152,116.453206,39.965662
570,76782,116.351677,39.980567
571,41467,116.402313,40.109772
572,34100,116.09034,39.945245
573,66119,116.513063,39.937121
574,51355,116.257914,39.897113
575,66126,116.409861,40.042394
576,80773,116.435758,39.930641
577,62634,116.374708,39.854229
578,57333,116.257914,39.897113
579,69250,116.247008,39.906426
580,110924,116.432142,39.902354
581,53254,116.386742,39.845373
582,104004,116.348282,39.892777
583,45525,116.43942,40.072066
584,41753,116.439341,40.082372
585,98614,116.318539,39.918502
586,52062,116.679317,39.889108
587,40410,116.22946,40.228274
588,84731,116.355271,39.978964
589,74034,116.453206,39.965662
590,55829,116.638919,39.900576
591,66902,116.358042,39.847965
592,104218,116.348282,39.892777
593,73256,116.369672,40.021
594,69518,116.247008,39.906426
595,106762,116.344985,39.891739
596,46416,116.363217,40.082639
597,63086,116.441833,39.866749
598,59884,116.318035,39.857355
599,94408,116.492991,40.000253
600,92365,116.439746,39.905443
601,72911,116.419162,40.031546
602,49050,116.212105,39.940814
603,50199,116.192696,39.921511
604,41373,116.341153,39.734779
605,80670,116.455099,39.978117
606,90439,116.314787,39.981606
607,67356,116.44637,39.959496
608,46888,116.402598,39.816499
609,38784,116.266541,40.227012
610,57504,116.221549,39.905466
611,46204,116.594886,39.910677
612,135135,116.374945,39.909543
613,50154,116.171857,39.937331
614,61275,116.387828,39.852874
615,77674,116.421129,39.870922
616,68811,116.37555,40.042102
617,89286,116.335787,39.907309
618,75584,116.483602,39.893412
619,88025,116.406986,39.971716
620,57394,116.412985,40.062212
621,85145,116.508075,39.936337
622,67385,116.493655,39.905367
623,101246,116.438583,39.918353
624,63348,116.386248,40.069552
625,119134,116.34688,39.912912
626,48900,116.332651,40.072033
627,75506,116.322845,40.035467
628,39756,116.445996,40.069568
629,50878,116.276474,39.88631
630,45068,116.332651,40.072033
631,94877,116.367818,39.959568
632,41967,116.119651,39.934504
633,42968,116.330198,40.074228
634,130000,116.384103,39.972885
635,43115,116.423504,40.083027
636,70517,116.325617,40.049466
637,88427,116.448795,39.977001
638,88198,116.311843,39.949121
639,53220,116.430562,40.045549
640,57274,116.42537,40.052808
641,100000,116.305063,39.91533
642,45178,116.331607,39.777363
643,75837,116.419996,40.001599
644,52750,116.70811,39.888054
645,52526,116.648674,39.899289
646,33718,116.601883,40.044753
647,123059,116.372513,39.928442
648,38165,116.426734,40.066064
649,36215,116.431552,40.082903
650,49930,116.430012,40.066244
651,67925,116.360369,39.847511
652,36910,116.431342,40.071807
653,49047,116.568799,39.853078
654,104449,116.311992,40.041582
655,46663,116.118409,39.937888
656,89423,116.296249,39.949325
657,39784,116.322609,40.089206
658,92153,116.342241,40.038962
659,41282,116.115366,39.914611
660,57163,116.236106,39.899968
661,88068,116.258665,39.906687
662,40823,116.322609,40.089206
663,112942,116.352899,39.889225
664,30590,116.439341,40.082372
665,52865,116.339906,39.781801
666,53876,116.330198,40.074228
667,121649,116.391726,39.978788
668,50396,116.643044,39.878713
669,45328,116.655566,39.883931
670,146392,116.325385,39.984968
671,34999,116.227892,39.780755
672,70148,116.373314,39.844248
673,33406,116.445785,40.077726
674,83006,116.38957,39.980678
675,38462,116.445785,40.077726
676,122249,116.355743,39.923029
677,51803,116.534997,39.928559
678,60016,116.380262,39.850039
679,94974,116.459652,39.901899
680,50428,116.679562,39.895417
681,53697,116.534997,39.928559
682,70791,116.518849,39.931002
683,63891,116.423095,39.845641
684,92767,116.3222,39.945204
685,83321,116.446047,39.964131
686,82216,116.442298,39.970551
687,42796,116.59088,39.924096
688,68880,116.508983,39.871912
689,53605,116.504346,39.881279
690,44928,116.423504,40.083027
691,63024,116.530553,39.921425
692,72721,116.51159,39.903448
693,25036,116.43942,40.072066
694,98760,116.429352,39.904538
695,39978,116.456681,39.811443
696,55758,116.450891,39.822298
697,36898,116.17041,39.767123
698,44764,116.338519,39.789061
699,72876,116.385994,39.995747
700,35276,116.435471,40.109315
701,30693,116.157929,39.745926
702,41376,116.271355,40.224863
703,88725,116.333347,39.904872
704,60880,116.598911,39.932527
705,41396,116.337461,40.086345
706,55724,116.700632,39.914747
707,50038,116.349009,40.074638
708,47047,116.655566,39.883931
709,59194,116.451239,39.960643
710,63426,116.263038,39.926362
711,55556,116.233785,39.906862
712,35165,116.697838,40.110591
713,45437,116.659332,39.901631
714,103198,116.309984,39.96579
715,39766,116.416806,40.065593
716,70502,116.447278,39.852879
717,102074,116.376911,39.960125
718,83278,116.359358,39.964464
719,85218,116.492767,39.998248
720,63938,116.522105,39.922247
721,103157,116.432142,39.902354
722,81174,116.279429,40.037637
723,53456,116.229624,39.915004
724,105746,116.377262,39.883712
725,85267,116.402242,39.973402
726,140022,116.34688,39.912912
727,30395,116.780446,39.987782
728,60455,116.429618,40.0507
729,67482,116.354191,40.035178
730,52397,116.508046,39.799319
731,56211,116.517937,39.915593
732,74355,116.411493,40.000186
733,81505,116.315943,40.060937
734,31314,116.435471,40.109315
735,59770,116.566589,39.852939
736,104841,116.376015,40.018207
737,66250,116.372925,39.839312
738,80875,116.467182,40.014312
739,81536,116.529843,39.934036
740,66366,116.308505,39.839489
741,64037,116.308505,39.839489
742,39952,116.698085,39.900316
743,59543,116.501794,39.799347
744,35149,116.116971,39.943729
745,53708,116.63264,39.913741
746,64828,116.504397,39.92941
747,39867,116.10172,39.959709
748,47497,116.654682,40.125799
749,78947,116.493032,39.98746
750,52100,116.433425,39.844062
751,76628,116.458573,39.905492
752,32304,116.085261,39.720728
753,91531,116.435236,39.90518
754,71039,116.493655,39.905367
755,67588,116.42537,40.052808
756,38014,116.456681,39.811443
757,77357,116.379998,40.040559
758,85600,116.381497,39.97775
759,62907,116.461699,39.887384
760,52960,116.187148,39.941227
761,54770,116.170097,40.073984
762,62176,116.530553,39.921425
763,68210,116.453206,39.965662
764,76312,116.409861,40.042394
765,50579,116.653848,39.905232
766,106457,116.354981,39.945559
767,31721,116.416156,40.082585
768,70125,116.352069,39.879651
769,76082,116.445897,40.041575
770,86950,116.45189,39.958982
771,89934,116.308348,39.917866
772,51818,116.638919,39.900576
773,33125,116.668841,40.113345
774,85662,116.357301,40.011499
775,54262,116.638919,39.900576
776,112870,116.413053,39.962564
777,96931,116.382606,39.983696
778,73980,116.376661,40.039649
779,58105,116.681628,39.934532
780,69735,116.51159,39.903448
781,40949,116.416156,40.082585
782,65203,116.414708,40.012787
783,76372,116.409805,39.969951
784,84906,116.357168,39.973031
785,54145,116.433365,40.048629
786,74153,116.358543,40.017542
787,84706,116.346429,40.001408
788,60100,116.594761,39.921447
789,25428,116.154663,39.741514
790,57901,116.636059,39.907157
791,95211,116.370121,39.904031
792,57967,116.314318,39.855359
793,66455,116.443732,39.998028
794,67966,116.69007,39.870642
795,44286,116.247075,39.840985
796,65094,116.37267,39.851088
797,63542,116.471931,40.008739
798,48589,116.612765,39.905006
799,53563,116.65235,39.876941
800,87692,116.404579,39.978491
801,71445,116.493655,39.905367
802,41036,116.374562,40.09134
803,51050,116.639467,39.904485
804,101175,116.292805,39.957287
805,66413,116.348101,40.040414
806,86540,116.489254,40.006445
807,52516,116.665969,39.871777
808,77966,116.485616,40.006096
809,42975,116.343657,39.788825
810,76633,116.476868,40.012847
811,62307,116.504655,39.965482
812,135417,116.421058,39.93627
813,45289,116.651427,39.902087
814,53987,116.215271,39.948869
815,52150,116.427682,40.050832
816,96685,116.355022,39.980296
817,69693,116.552177,39.970849
818,132948,116.421058,39.93627
819,29098,116.172813,39.765512
820,71973,116.441781,39.991956
821,82953,116.322845,40.035467
822,65315,116.47773,40.002156
823,34035,116.124933,39.934555
824,35251,116.423504,40.083027
825,77173,116.28549,39.944499
826,51062,116.561668,39.928981
827,18937,116.155592,39.756415
828,74541,116.480915,39.946696
829,58475,116.198841,39.929432
830,27250,116.44439,40.093691
831,56586,116.467726,40.005504
832,51546,116.670345,39.912244
833,44512,116.334045,39.757413
834,37589,116.423504,40.083027
835,53594,116.697277,39.896649
836,55333,116.674981,39.897618
837,30031,116.345653,39.803915
838,35202,116.404033,40.088655
839,60279,116.421209,40.046624
840,59359,116.308505,39.839489
841,48658,116.337569,40.089546
842,43478,116.340929,39.82227
843,42986,116.667038,39.942451
844,87488,116.463539,39.987791
845,33877,116.416156,40.082585
846,48058,116.465305,39.818518
847,69404,116.508983,39.871912
848,68589,116.344224,39.881161
849,57147,116.404524,39.851605
850,86777,116.340662,39.880533
851,60827,116.430848,39.869676
852,59413,116.472064,39.88768
853,75285,116.483602,39.893412
854,43729,116.434145,39.863841
855,50721,116.242945,40.215684
856,60650,116.455671,39.905762
857,61586,116.475053,39.885225
858,71009,116.280601,40.037442
859,105660,116.372042,39.884188
860,52158,116.298181,39.851185
861,76297,116.376661,40.039649
862,75876,116.471324,39.904147
863,92266,116.308748,39.993109
864,50478,116.473695,39.876155
865,30537,116.415742,40.077796
866,61614,116.419296,39.853261
867,75630,116.497552,39.96603
868,46805,116.566117,39.956661
869,36227,116.426734,40.066064
870,30345,116.174718,39.774367
871,48742,116.331827,39.770944
872,46218,116.560168,40.110054
873,41584,116.374562,40.09134
874,39131,116.431552,40.082903
875,75108,116.411885,39.87098
876,127137,116.30693,39.970029
877,69828,116.638589,39.90953
878,53482,116.272531,39.859806
879,64017,116.308505,39.839489
880,70461,116.411853,39.974368
881,85106,116.334132,39.906876
882,78829,116.325617,40.049466
883,44009,116.658604,39.953468
884,74091,116.51159,39.903448
885,56406,116.333514,39.797388
886,69364,116.457173,39.96476
887,66949,116.375246,40.044621
888,98592,116.336244,39.932195
889,102988,116.432862,39.948968
890,55706,116.36247,39.850685
891,99864,116.360233,39.959116
892,52286,116.697005,39.925858
893,67799,116.414452,39.866869
894,53133,116.69986,39.938638
895,66378,116.382475,40.00646
896,23256,116.41917,40.124757
897,29526,116.429292,40.111125
898,94243,116.486709,39.895879
899,63219,116.210647,39.939312
900,113139,116.394288,39.972468
901,47463,116.425304,40.112553
902,56443,116.323091,39.888033
903,58673,116.425063,40.044097
904,84877,116.343898,39.995983
905,100867,116.31024,39.915157
906,39483,116.431552,40.082903
907,39339,116.373628,40.094838
908,59942,116.404498,39.847018
909,51224,116.441424,39.813718
910,90081,116.463539,39.987791
911,57206,116.330198,40.074228
912,46888,116.439422,39.876408
913,54159,116.41718,39.851679
914,46989,116.3434,40.083322
915,40747,116.559909,39.925896
916,51478,116.285444,39.9002
917,99751,116.312809,39.917802
918,43415,116.364975,40.073376
919,79486,116.446972,39.950006
920,87786,116.308305,39.920751
921,62670,116.272928,39.885267
922,75570,116.373314,39.844248
923,90222,116.35572,40.01918
924,60824,116.419296,39.853261
925,113074,116.314787,39.981606
926,73616,116.45053,39.874376
927,59172,116.421985,40.058455
928,90164,116.265725,40.057734
929,35766,116.639972,39.882381
930,84798,116.340034,39.885855
931,87886,116.298094,39.95077
932,40278,116.439341,40.082372
933,51373,116.651506,39.895875
934,50588,116.242945,40.215684
935,54863,116.315096,39.857138
936,75109,116.411493,40.000186
937,39191,116.415742,40.077796
938,80578,116.466294,39.995886
939,81801,116.492991,40.000253
940,32527,116.416156,40.082585
941,43644,116.331446,40.085293
942,58282,116.434388,40.0451
943,143933,116.392695,39.969608
944,81447,116.437025,40.059329
945,54816,116.40635,40.052459
946,66254,116.430562,40.045549
947,52296,116.638829,39.905958
948,39749,116.119651,39.934504
949,55477,116.621507,39.933755
950,82990,116.312396,39.884145
951,99359,116.420282,39.973413
952,89034,116.413174,39.972706
953,54576,116.391928,39.849173
954,141692,116.378553,39.968971
955,83471,116.296408,40.039756
956,92490,116.357301,40.011499
957,48062,116.354287,40.079237
958,57647,116.228639,39.907678
959,50904,116.651427,39.902087
960,60408,116.499979,39.966803
961,55283,116.29563,39.849942
962,89286,116.419162,40.031546
963,53171,116.200506,39.938676
964,51389,116.22664,39.907108
965,56449,116.304497,39.895431
966,44521,116.364975,40.073376
967,110569,116.352183,39.915674
968,94575,116.340103,39.98
969,67538,116.380393,39.843844
970,111166,116.376346,39.951025
971,45524,116.311776,40.084907
972,68249,116.360608,40.036507
973,95886,116.37913,39.887761
974,59052,116.470273,39.883941
975,52441,116.445785,40.077726
976,61747,116.364365,40.069487
977,41474,116.432684,40.077562
978,72821,116.421876,40.008585
979,47706,116.191813,39.925603
980,42802,116.649091,40.144305
981,54291,116.679562,39.895417
982,32692,116.416156,40.082585
983,57838,116.221549,39.905466
984,46921,116.386555,40.0865
985,32683,116.41917,40.124757
986,43272,116.439341,40.082372
987,60087,116.377014,39.857322
988,50733,116.69336,39.879708
989,49511,116.34422,40.039318
990,51181,116.665214,39.886063
991,67177,116.380393,39.843844
992,73840,116.518849,39.931002
993,50923,116.588913,39.922146
994,34575,116.639972,39.882381
995,42984,116.249025,40.218067
996,48203,116.706256,39.940934
997,86739,116.371815,40.022013
998,51361,116.647356,39.896263
999,63032,116.704315,39.92475
1000,43225,116.613895,39.894341
1001,109392,116.344169,39.935125
1002,54827,116.466526,39.806206
1003,53604,116.679317,39.889108
1004,80645,116.506685,39.902187
1005,103296,116.35154,39.954963
1006,60472,116.504579,39.795716
1007,64322,116.416572,40.063191
1008,34759,116.41678,40.071013
1009,88711,116.286376,39.959535
1010,36187,116.432684,40.077562
1011,66802,116.360369,39.847511
1012,141741,116.397604,39.878765
1013,85470,116.473987,39.998614
1014,77220,116.486709,39.895879
1015,75560,116.348101,40.040414
1016,88738,116.355022,39.980296
1017,75178,116.483888,40.004499
1018,68421,116.576406,39.861999
1019,24992,116.340938,39.76265
1020,53758,116.330198,40.074228
1021,46223,116.334045,39.757413
1022,30346,116.85037,39.963617
1023,28330,116.798268,39.963419
1024,30718,116.797257,39.954145
1025,26940,116.403693,40.116058
1026,59041,116.429618,40.0507
1027,32461,116.680468,39.936884
1028,63756,116.690886,39.887582
1029,54404,116.362306,40.035119
1030,66304,116.700632,39.914747
1031,100655,116.305063,39.91533
1032,82616,116.466562,39.921656
1033,42996,116.613977,39.936277
1034,66845,116.508983,39.871912
1035,86389,116.490651,39.895343
1036,68605,116.247008,39.906426
1037,58503,116.210647,39.939312
1038,50337,116.430012,40.066244
1039,86592,116.283528,40.025064
1040,79082,116.492767,39.998248
1041,47976,116.656342,39.900279
1042,52697,116.700632,39.914747
1043,41227,116.115366,39.914611
1044,88269,116.468185,40.006897
1045,56267,116.250662,39.910338
1046,82919,116.437025,40.059329
1047,128073,116.392381,39.974142
1048,81138,116.463876,40.001253
1049,99540,116.2853,39.968624
1050,65733,116.332045,40.081334
1051,105220,116.309252,39.977842
1052,81452,116.523317,39.933208
1053,48352,116.342093,39.731799
1054,130357,116.305298,39.979471
1055,94752,116.551967,39.967123
1056,70468,116.330198,40.074228
1057,41108,116.318694,40.087485
1058,67651,116.438765,39.873373
1059,68418,116.215584,39.924903
1060,130321,116.343245,39.900529
1061,43172,116.119525,39.918613
1062,41032,116.432684,40.077562
1063,102421,116.341145,39.966434
1064,39216,116.432684,40.077562
1065,76402,116.490032,39.993487
1066,87174,116.440157,39.983438
1067,76449,116.388514,39.998068
1068,104031,116.432142,39.902354
1069,97070,116.302079,39.915336
1070,61339,116.306155,39.870322
1071,41908,116.431342,40.071807
1072,78270,116.382525,40.005332
1073,83686,116.282889,39.942772
1074,111118,116.289102,39.923448
1075,56952,116.372841,40.080111
1076,83449,116.441781,39.991956
1077,35424,116.141967,40.244137
1078,39161,116.12215,39.932268
1079,59019,116.215118,39.923024
1080,93062,116.322959,40.040525
1081,79488,116.418863,40.033442
1082,53080,116.43942,40.072066
1083,54544,116.513625,39.931024
1084,55354,116.315096,39.857138
1085,112195,116.372605,39.949564
1086,55703,116.554991,40.116654
1087,66906,116.346988,40.035114
1088,85837,116.489739,39.939299
1089,104816,116.347797,39.976432
1090,51286,116.331827,39.770944
1091,76897,116.368256,39.894737
1092,46305,116.560168,40.110054
1093,49267,116.661683,39.882813
1094,73125,116.463907,40.007017
1095,148148,116.384103,39.972885
1096,47090,116.35814,40.088663
1097,45541,116.452782,39.812198
1098,70501,116.35875,40.00962
1099,48017,116.70811,39.888054
1100,37316,116.660144,40.120667
1101,52703,116.42537,40.052808
1102,77018,116.493655,39.905367
1103,47695,116.311776,40.084907
1104,65825,116.594801,39.928019
1105,63588,116.700632,39.914747
1106,47556,116.42376,40.0514
1107,68768,116.46628,39.991363
1108,66133,116.504346,39.881279
1109,77807,116.467726,40.005504
1110,43922,116.432684,40.077562
1111,30504,116.415742,40.077796
1112,111318,116.370813,39.949254
1113,76040,116.485616,40.006096
1114,48619,116.648674,39.899289
1115,59126,116.229149,39.900286
1116,67361,116.447278,39.852879
1117,57734,116.430888,40.000522
1118,86744,116.475833,40.01461
1119,79165,116.476921,39.983744
1120,50411,116.386555,40.0865
1121,83372,116.503568,39.916109
1122,111214,116.294695,39.918281
1123,50423,116.6512,39.898186
1124,84986,116.468592,40.028148
1125,44882,116.554715,40.107876
1126,66447,116.323091,39.888033
1127,84394,116.418863,40.033442
1128,33434,116.123868,39.933799
1129,51322,116.333765,40.07892
1130,110663,116.330331,39.939379
1131,41073,116.425304,40.112553
1132,93409,116.353071,39.880569
1133,80242,116.393321,39.988213
1134,49041,116.200397,39.923985
1135,95280,116.425978,40.002211
1136,50549,116.20383,39.925938
1137,46524,116.589658,39.925265
1138,53467,116.568799,39.853078
1139,69698,116.495031,39.976908
1140,47384,116.244513,39.847726
1141,54300,116.330198,40.074228
1142,62361,116.58468,39.935758
1143,52853,116.325341,39.781506
1144,62564,116.503578,39.961829
1145,37646,116.423504,40.083027
1146,68519,116.504397,39.92941
1147,74993,116.420472,40.003028
1148,73723,116.514316,39.918722
1149,110619,116.465491,39.901678
1150,111278,116.433219,40.008653
1151,108648,116.439371,39.896367
1152,57300,116.411481,40.059131
1153,48151,116.30095,39.838443
1154,79833,116.404579,39.978491
1155,63795,116.471931,40.008739
1156,81788,116.422441,40.006907
1157,53405,116.34663,40.096608
1158,97842,116.302079,39.915336
1159,81258,116.420546,39.997876
1160,60534,116.332045,40.081334
1161,74726,116.256428,39.873315
1162,27385,116.85037,39.963617
1163,35220,116.337584,39.795021
1164,23937,116.84828,39.95123
1165,63333,116.272928,39.885267
1166,37306,116.431552,40.082903
1167,39306,116.646267,39.904464
1168,44724,116.416156,40.082585
1169,69080,116.37267,39.851088
1170,84615,116.449403,39.900818
1171,99706,116.416187,39.969551
1172,31491,116.298459,39.785761
1173,94770,116.471754,40.02946
1174,69242,116.420226,40.058739
1175,70883,116.319276,40.063329
1176,69915,116.426125,39.969678
1177,62448,116.321953,40.058245
1178,36789,116.354548,39.733154
1179,74533,116.32616,40.046586
1180,95906,116.355022,39.980296
1181,99191,116.428467,39.902511
1182,51370,116.429195,40.069019
1183,76851,116.36521,39.953911
1184,90779,116.45968,39.999245
1185,72089,116.586465,39.918172
1186,65729,116.247008,39.906426
1187,51282,116.653691,39.903236
1188,73697,116.465544,39.958969
1189,60691,116.703234,39.911017
1190,69851,116.513188,39.934977
1191,63802,116.436169,40.001247
1192,66855,116.586465,39.918172
1193,54770,116.416376,39.84928
1194,62135,116.260405,39.900036
1195,51907,116.698085,39.900316
1196,37577,116.550348,39.755625
1197,96663,116.348282,39.892777
1198,51191,116.585161,39.87005
1199,68562,116.446167,39.969777
1200,58523,116.482231,40.009521
1201,78502,116.349153,39.968146
1202,123348,116.32123,39.951253
1203,82829,116.266542,39.927777
1204,86253,116.268601,39.933567
1205,54951,116.485296,39.991732
1206,139093,116.30565,39.971082
1207,101942,116.492767,39.998248
1208,79900,116.380817,40.038541
1209,76535,116.283232,39.888903
1210,95446,116.42006,39.977212
1211,76933,116.416117,39.999631
1212,49200,116.311776,40.084907
1213,63293,116.272928,39.885267
1214,54040,116.330198,40.074228
1215,44660,116.118409,39.937888
1216,59463,116.369206,39.856287
1217,50031,116.651506,39.895875
1218,57644,116.434388,40.0451
1219,94689,116.265725,40.057734
1220,64652,116.475515,40.008231
1221,82763,116.433356,40.005811
1222,29545,116.416156,40.082585
1223,64700,116.388786,39.857338
1224,143855,116.391726,39.978788
1225,62044,116.272928,39.885267
1226,59717,116.351541,40.07117
1227,95864,116.310097,39.921171
1228,52599,116.399845,39.847402
1229,72658,116.346988,40.035114
1230,59973,116.312562,39.902261
1231,67775,116.283232,39.888903
1232,101347,116.432388,39.95399
1233,29461,116.41678,40.071013
1234,38366,116.429292,40.111125
1235,50904,116.651427,39.902087
1236,44928,116.691509,39.899278
1237,55935,116.330198,40.074228
1238,58537,116.419632,40.049247
1239,65843,116.357041,40.033886
1240,50154,116.645523,39.893536
1241,102233,116.463708,39.901166
1242,136681,116.378329,39.917825
1243,57921,116.397236,39.864463
1244,62885,116.272928,39.885267
1245,105488,116.326488,39.93595
1246,56444,116.272928,39.885267
1247,72269,116.493655,39.905367
1248,58333,116.328035,40.078668
1249,32549,116.416156,40.082585
1250,40895,116.381531,40.089564
1251,42359,116.354287,40.079237
1252,96969,116.471006,40.016871
1253,92973,116.472797,39.99757
1254,59580,116.413412,40.054875
1255,75503,116.304497,39.895431
1256,86170,116.279831,39.888664
1257,42833,116.560906,39.879298
1258,71661,116.292014,39.928693
1259,47505,116.439341,40.082372
1260,54468,116.711337,39.9184
1261,39336,116.12215,39.932268
1262,78987,116.381044,39.994818
1263,84579,116.49138,39.938386
1264,54033,116.590404,39.918459
1265,47440,116.343687,40.08052
1266,52465,116.644174,39.914073
1267,54667,116.372841,40.080111
1268,68938,116.346988,40.035114
1269,80613,116.354713,40.02098
1270,61952,116.328105,39.849492
1271,46002,116.658604,39.953468
1272,113052,116.437471,39.914258
1273,67102,116.700632,39.914747
1274,52317,116.354648,40.044541
1275,56330,116.588913,39.922146
1276,86425,116.345757,39.884679
1277,54207,116.341759,39.755588
1278,38513,116.439254,39.811499
1279,84270,116.425766,39.985931
1280,118557,116.34816,39.904437
1281,64562,116.518849,39.931002
1282,65874,116.503578,39.961829
1283,46492,116.343657,39.788825
1284,85368,116.354137,39.88835
1285,58185,116.315096,39.857138
1286,110294,116.443175,39.941889
1287,68105,116.488832,39.932702
1288,54286,116.198841,39.929432
1289,51482,116.568009,39.92418
1290,44837,116.334045,39.757413
1291,75188,116.302492,39.893778
1292,49919,116.497651,39.80645
1293,63699,116.471626,39.8946
1294,70623,116.472175,40.017522
1295,74970,116.34724,39.896217
1296,64191,116.481662,39.878749
1297,107008,116.333192,39.934033
1298,49081,116.669238,39.879446
1299,90835,116.476447,39.903804
1300,63566,116.47773,40.002156
1301,53758,116.34663,40.096608
1302,45278,116.568799,39.853078
1303,35943,116.170695,39.773701
1304,20702,116.424846,40.1565
1305,111042,116.292842,39.962205
1306,60484,116.458721,39.817347
1307,93638,116.476447,39.903804
1308,84400,116.432862,39.948968
1309,24529,116.632377,40.033796
1310,26477,116.319982,39.754823
1311,53983,116.363152,40.089008
1312,113523,116.444857,39.954789
1313,27709,116.798268,39.963419
1314,35758,116.416806,40.065593
1315,49905,116.651427,39.902087
1316,38362,116.431552,40.082903
1317,42352,116.381531,40.089564
1318,51398,116.346448,39.739906
1319,37225,116.432684,40.077562
1320,93334,116.342241,40.038962
1321,72597,116.513009,39.936277
1322,30026,116.779959,39.979875
1323,44393,116.425304,40.112553
1324,112308,116.426526,39.964952
1325,66537,116.512916,39.966511
1326,41478,116.297022,39.788637
1327,94672,116.31794,39.945339
1328,30409,116.157751,39.76331
1329,63212,116.704315,39.92475
1330,29008,116.402313,40.109772
1331,35595,116.274354,40.170887
1332,53269,116.673832,39.910583
1333,48031,116.338916,39.731149
1334,115097,116.450009,39.865693
1335,82478,116.360836,40.005728
1336,54960,116.429618,40.0507
1337,44248,116.399702,39.848513
1338,64725,116.444565,39.853072
1339,45465,116.69336,39.879708
1340,51570,116.69336,39.879708
1341,52812,116.430722,39.860989
1342,87516,116.317277,40.062967
1343,34307,116.416156,40.082585
1344,61356,116.703237,39.939938
1345,57286,116.466526,39.806206
1346,48057,116.654727,39.89598
1347,63043,116.26681,39.913144
1348,34849,116.500382,39.805889
1349,60886,116.477203,39.900109
1350,72281,116.493655,39.905367
1351,43499,116.363152,40.089008
1352,57585,116.539089,39.967852
1353,55952,116.342803,39.797448
1354,51776,116.451194,39.854478
1355,111961,116.354792,39.885022
1356,29272,116.632377,40.033796
1357,48421,116.349167,39.742059
1358,49218,116.412776,40.051269
1359,85172,116.346988,40.035114
1360,57913,116.433365,40.048629
1361,59921,116.272928,39.885267
1362,61080,116.589658,39.925265
1363,38390,116.655693,40.180093
1364,62009,116.69133,39.897203
1365,52248,116.446891,39.860543
1366,46595,116.404744,39.819538
1367,59814,116.685667,39.925912
1368,65210,116.444157,39.935985
1369,38554,116.660013,40.147758
1370,35944,116.639972,39.882381
1371,54486,116.445785,40.077726
1372,82038,116.360836,40.005728
1373,40892,116.247075,39.840985
1374,85470,116.450093,39.869164
1375,40569,116.680468,39.936884
1376,75714,116.483671,39.895896
1377,56898,116.509039,39.922589
1378,61313,116.45648,39.878722
1379,49778,116.498417,39.7967
1380,30428,116.780446,39.987782
1381,50855,116.383428,39.850676
1382,49153,116.484125,39.832234
1383,56106,116.260421,39.927665
1384,67969,116.247008,39.906426
1385,50307,116.330198,40.074228
1386,60790,116.330198,40.074228
1387,87702,116.409783,40.006303
1388,82140,116.418863,40.033442
1389,71841,116.279575,40.036936
1390,56336,116.325341,39.781506
1391,66375,116.418801,39.976386
1392,40265,116.431552,40.082903
1393,37484,116.423504,40.083027
1394,54860,116.561668,39.928981
1395,100810,116.469248,40.012773
1396,89245,116.463876,40.001253
1397,67956,116.358042,39.847965
1398,60572,116.512916,39.966511
1399,76404,116.483671,39.895896
1400,58948,116.434388,40.0451
1401,60631,116.429618,40.0507
1402,86821,116.489254,40.006445
1403,47925,116.311776,40.084907
1404,119229,116.386156,39.91037
1405,87591,116.529205,39.926332
1406,140459,116.384103,39.972885
1407,61775,116.335332,40.067075
1408,54897,116.412985,40.062212
1409,50000,116.311776,40.084907
1410,26967,116.842971,39.957012
1411,111111,116.320453,40.039032
1412,34226,116.639972,39.882381
1413,59035,116.430562,40.045549
1414,95153,116.46461,39.903546
1415,40506,116.337461,40.086345
1416,114226,116.440069,39.902423
1417,92201,116.279309,40.026934
1418,74517,116.482018,40.004978
1419,70694,116.373314,39.844248
1420,26964,116.85037,39.963617
1421,71908,116.478715,39.916424
1422,65150,116.482018,40.004978
1423,92373,116.333303,39.974734
1424,84175,116.312982,39.948641
1425,82616,116.333042,40.037213
1426,52063,116.34663,40.096608
1427,73782,116.346988,40.035114
1428,124269,116.360209,39.936115
1429,81638,116.421644,39.996488
1430,92391,116.351677,39.980567
1431,51058,116.203021,39.929599
1432,76080,116.279152,40.027364
1433,45229,116.460643,39.806976
1434,65015,116.31531,39.865675
1435,68180,116.508983,39.871912
1436,47587,116.64484,39.8809
1437,89902,116.340034,39.885855
1438,59955,116.229149,39.900286
1439,73276,116.368508,39.955767
1440,61392,116.376346,39.951025
1441,66362,116.471849,39.89331
1442,51717,116.335332,40.067075
1443,49918,116.275541,39.872886
1444,27201,116.836261,39.955437
1445,43623,116.415742,40.077796
1446,106173,116.38999,39.88826
1447,85245,116.45782,39.976971
1448,80132,116.333451,39.907225
1449,45416,116.588913,39.922146
1450,138047,116.345483,39.920877
1451,69463,116.320895,40.061583
1452,55425,116.482498,39.912103
1453,106272,116.360016,39.939659
1454,40778,116.703713,39.95821
1455,68182,116.511545,39.904464
1456,116048,116.311592,39.977698
1457,99551,116.3367,39.897727
1458,50715,116.387828,39.852874
1459,134146,116.30565,39.971082
1460,89833,116.466716,40.002198
1461,75641,116.453206,39.965662
1462,53579,116.475021,40.010031
1463,28228,116.136249,39.748229
1464,50412,116.215271,39.948869
1465,59161,116.60292,39.909042
1466,39866,116.425304,40.112553
1467,40645,116.441424,39.813718
1468,127238,116.391726,39.978788
1469,54279,116.278979,39.873649
1470,54900,116.332045,40.081334
1471,90968,116.296249,39.949325
1472,100000,116.476213,39.897851
1473,50641,116.40635,40.052459
1474,84656,116.463876,40.001253
1475,58182,116.333514,39.797388
1476,72903,116.257104,39.873962
1477,80097,116.418863,40.033442
1478,47849,116.175676,39.932521
1479,61789,116.59247,39.926531
1480,49645,116.554991,40.116654
1481,57710,116.390597,39.864637
1482,61898,116.463653,39.883737
1483,65178,116.477203,39.900109
1484,106625,116.347797,39.976432
1485,64477,116.272928,39.885267
1486,49213,116.568799,39.853078
1487,51973,116.517963,39.86507
1488,82110,116.329175,39.88082
1489,84602,116.368957,39.954839
1490,80836,116.51159,39.903448
1491,101389,116.309252,39.977842
1492,63573,116.58468,39.935758
1493,44529,116.649455,40.141789
1494,90101,116.370317,39.952381
1495,54677,116.314388,39.972347
1496,28902,116.445996,40.069568
1497,70276,116.376027,39.843729
1498,64204,116.512916,39.966511
1499,67616,116.461949,40.003018
1500,63492,116.346988,40.035114
1501,50472,116.195775,39.912986
1502,75736,116.385429,39.986581
1503,48276,116.587018,39.912749
1504,71841,116.468477,40.008959
1505,93318,116.412788,39.958761
1506,46480,116.414419,40.053455
1507,115152,116.289102,39.923448
1508,44621,116.3434,40.083322
1509,26596,116.846026,39.958434
1510,67470,116.476467,39.888742
1511,46838,116.344664,39.802705
1512,57471,116.572491,39.853078
1513,28320,116.806257,39.980086
1514,67422,116.324979,39.852231
1515,57908,116.652626,39.909058
1516,35719,116.688628,40.123965
1517,48996,116.363217,40.082639
1518,36122,116.151209,39.742316
1519,23645,116.85037,39.963617
1520,27433,116.431552,40.082903
1521,39217,116.338519,39.789061
1522,70495,116.521774,39.94004
1523,29615,116.780446,39.987782
1524,72359,116.362306,40.035119
1525,46438,116.654682,40.125799
1526,116864,116.271086,39.907929
1527,30727,116.43942,40.072066
1528,54664,116.640671,39.901842
1529,69035,116.422099,40.050196
1530,42108,116.655566,39.883931
1531,97131,116.343898,39.995983
1532,69183,116.51159,39.903448
1533,36667,116.42376,40.0514
1534,78529,116.445284,39.925343
1535,129870,116.389326,39.963727
1536,62442,116.473376,39.875385
1537,66445,116.439722,39.868674
1538,30496,116.235366,40.216037
1539,100037,116.316672,39.98346
1540,95253,116.340633,39.891697
1541,145161,116.343245,39.900529
1542,57656,116.438762,39.854215
1543,74468,116.354913,40.040671
1544,55402,116.674125,39.888623
1545,55846,116.671991,39.887056
1546,58025,116.638919,39.900576
1547,56976,116.685667,39.925912
1548,63690,116.512182,39.928407
1549,62148,116.498241,39.971858
1550,39583,116.558192,40.162583
1551,37313,116.639972,39.882381
1552,120381,116.373105,39.901209
1553,54592,116.69007,39.870642
1554,65473,116.433129,39.975946
1555,48780,116.505206,39.809326
1556,121406,116.340019,39.986776
1557,64458,116.530553,39.921425
1558,66549,116.51159,39.903448
1559,59015,116.509699,39.937474
1560,69670,116.426617,39.867648
1561,57007,116.472064,39.88768
1562,132784,116.379101,39.895125
1563,32381,116.343862,40.074863
1564,84877,116.369739,39.960024
1565,29224,116.784964,39.981324
1566,31832,116.828287,39.970903
1567,52073,116.198841,39.929432
1568,48959,116.647356,39.896263
1569,53247,116.599468,39.935619
1570,62170,116.594801,39.928019
1571,50427,116.514333,39.872735
1572,61735,116.42537,40.052808
1573,69703,116.325617,40.049466
1574,69313,116.512916,39.966511
1575,74438,116.390064,40.007825
1576,60831,116.349009,40.074638
1577,85034,116.426534,40.002876
1578,59990,116.272928,39.885267
1579,57969,116.671991,39.887056
1580,69490,116.293227,39.873932
1581,96115,116.459652,39.901899
1582,96037,116.34596,39.967364
1583,74846,116.329675,39.876404
1584,95046,116.378697,40.020751
1585,113450,116.307748,39.971847
1586,77339,116.493655,39.905367
1587,60289,116.431165,39.874515
1588,71213,116.482018,40.004978
1589,52773,116.37555,40.042102
1590,42459,116.645523,39.893536
1591,69451,116.469221,40.000762
1592,34134,116.415742,40.077796
1593,49375,116.349009,40.074638
1594,54910,116.428732,40.048486
1595,46309,116.35699,40.093976
1596,48637,116.685959,39.937078
1597,62620,116.472175,40.017522
1598,77859,116.479017,39.950244
1599,95832,116.432396,39.951803
1600,59289,116.501885,39.961933
1601,66821,116.220283,40.043636
1602,114637,116.406466,39.957716
1603,52446,116.336897,40.062254
1604,85443,116.476447,39.903804
1605,53326,116.708466,39.925012
1606,59259,116.236106,39.899968
1607,28916,116.41917,40.124757
1608,45141,116.672149,39.877771
1609,50543,116.339882,39.82826
1610,90676,116.325569,40.034891
1611,59238,116.414979,39.825902
1612,50366,116.578532,39.928987
1613,55728,116.659929,39.908429
1614,51141,116.340189,39.800962
1615,45771,116.117724,39.941152
1616,100582,116.474383,39.902184
1617,61643,116.518451,39.92401
1618,73279,116.453206,39.965662
1619,39523,116.654713,40.185553
1620,56349,116.594761,39.921447
1621,49783,116.311776,40.084907
1622,65039,116.319276,40.063329
1623,60774,116.685686,39.873688
1624,38450,116.402313,40.109772
1625,65987,116.482231,40.009521
1626,59828,116.429618,40.0507
1627,52587,116.621507,39.933755
1628,38710,116.423504,40.083027
1629,64997,116.692337,39.937867
1630,56961,116.599468,39.935619
1631,30559,116.828287,39.970903
1632,62050,116.412134,40.010398
1633,80649,116.467478,40.018459
1634,47059,116.333603,39.743229
1635,57190,116.690108,39.895196
1636,50225,116.667038,39.942451
1637,48816,116.402983,39.859787
1638,76508,116.47773,40.002156
1639,62316,116.470784,39.933515
1640,41516,116.563698,39.953429
1641,72038,116.372839,39.872691
1642,52192,116.675771,39.903665
1643,31181,116.832748,39.962135
1644,86777,116.411234,39.976722
1645,42007,116.679407,39.937519
1646,72379,116.258408,39.905019
1647,85929,116.52013,39.936383
1648,90181,116.52013,39.936383
1649,74878,116.344469,40.037023
1650,49496,116.434843,39.812079
1651,92277,116.409266,40.003413
1652,32995,116.445996,40.069568
1653,52613,116.671991,39.887056
1654,24963,116.783067,39.97494
1655,39844,116.343657,39.788825
1656,47538,116.605513,39.913769
1657,55716,116.671983,39.891343
1658,100000,116.379711,40.017883
1659,47887,116.527974,39.895003
1660,50239,116.594886,39.910677
1661,51933,116.654727,39.89598
1662,59799,116.678048,39.933473
1663,39219,116.443144,39.788087
1664,49133,116.568799,39.853078
1665,64001,116.512573,39.938884
1666,90718,116.442114,39.951182
1667,103187,116.476213,39.897851
1668,94462,116.366087,39.894322
1669,78158,116.246906,39.928981
1670,25000,116.85037,39.963617
1671,50239,116.412363,40.049902
1672,104294,116.491708,40.003156
1673,93515,116.491708,40.003156
1674,30591,116.372483,39.801739
1675,36481,116.338639,40.079333
1676,52931,116.39122,39.848862
1677,35281,116.431552,40.082903
1678,98985,116.471006,40.016871
1679,33546,116.415742,40.077796
1680,37075,116.639934,39.908698
1681,43992,116.425584,39.864644
1682,82174,116.220283,40.043636
1683,100000,116.417395,39.981069
1684,50552,116.674053,39.882658
1685,63964,116.421876,40.008585
1686,84466,116.247008,39.906426
1687,47589,116.316963,40.056306
1688,122699,116.341863,39.953175
1689,82972,116.492208,39.975157
1690,63464,116.700632,39.914747
1691,63562,116.685959,39.937078
1692,69271,116.373314,39.844248
1693,84615,116.345863,39.877035
1694,54790,116.704315,39.92475
1695,88161,116.443175,39.941889
1696,43632,116.415742,40.077796
1697,77836,116.640671,39.901842
1698,59059,116.421401,40.034126
1699,51037,116.682717,39.911231
1700,72978,116.346988,40.035114
1701,48335,116.439326,39.821816
1702,30612,116.435471,40.109315
1703,44298,116.237066,40.223053
1704,66611,116.414708,40.012787
1705,76371,116.352882,40.05023
1706,48510,116.162938,39.939005
1707,105425,116.428467,39.902511
1708,71839,116.46373,39.900336
1709,37488,116.254426,40.206615
1710,85150,116.352899,39.889225
1711,51913,116.554991,40.116654
1712,107822,116.435751,39.902151
1713,79453,116.492867,39.966876
1714,98997,116.301709,39.919502
1715,40275,116.649091,40.144305
1716,58815,116.423311,39.853178
1717,57542,116.410182,40.051959
1718,56469,116.679562,39.895417
1719,78215,116.518849,39.931002
1720,58960,116.330198,40.074228
1721,64444,116.425063,40.044097
1722,111007,116.376346,39.951025
1723,52261,116.357513,40.0711
1724,112646,116.426157,39.918525
1725,54827,116.318035,39.857355
1726,106184,116.348282,39.892777
1727,36043,116.338519,39.789061
1728,86472,116.437025,40.059329
1729,30051,116.80248,39.953587
1730,72106,116.471849,39.89331
1731,26085,116.844166,39.954835
1732,63140,116.470764,39.898824
1733,63125,116.504579,39.795716
1734,59563,116.277126,39.897751
1735,35004,116.639972,39.882381
1736,33351,116.402313,40.109772
1737,29997,116.806257,39.980086
1738,44328,116.246374,39.844724
1739,83000,116.448316,39.900192
1740,78112,116.47517,39.949468
1741,89134,116.3367,39.897727
1742,74603,116.407316,39.876396
1743,41030,116.344557,39.780149
1744,40698,116.46887,39.828858
1745,48148,116.665214,39.886063
1746,91642,116.376871,39.963076
1747,90000,116.368316,39.961515
1748,85430,116.337032,39.88979
1749,55216,116.330198,40.074228
1750,40663,116.445996,40.069568
1751,75985,116.451506,39.972611
1752,79635,116.418863,40.033442
1753,55224,116.342088,39.749733
1754,41050,116.338519,39.789061
1755,40049,116.639934,40.143448
1756,45181,116.578532,39.928987
1757,42531,116.332219,39.74026
1758,132323,116.311992,40.041582
1759,82736,116.489254,40.006445
1760,58583,116.295873,39.867642
1761,34792,116.235112,40.219543
1762,107266,116.273143,39.913383
1763,73801,116.330146,40.039456
1764,59907,116.434388,40.0451
1765,40771,116.297022,39.788637
1766,38400,116.655693,40.180093
1767,57018,116.26324,39.89843
1768,66015,116.283232,39.888903
1769,93058,116.432809,39.96858
1770,94383,116.464603,39.905054
1771,28000,116.792319,39.954841
1772,37977,116.366467,39.798764
1773,96989,116.353539,39.979585
1774,41011,116.703713,39.95821
1775,38567,116.670101,40.118729
1776,94361,116.441781,39.991956
1777,81237,116.385994,39.995747
1778,68418,116.461912,39.998363
1779,52009,116.2882,39.878001
1780,75043,116.36521,39.953911
1781,41059,116.603501,39.919667
1782,120083,116.32677,39.943681
1783,59794,116.450891,39.822298
1784,75117,116.386145,39.998849
1785,50704,116.612342,39.935122
1786,113533,116.435511,39.946194
1787,41327,116.639323,40.137953
1788,53860,116.31531,39.865675
1789,100058,116.286484,39.936102
1790,36364,116.426734,40.066064
1791,64834,116.377133,39.853516
1792,99404,116.452901,39.901073
1793,36664,116.660144,40.120667
1794,66800,116.441502,39.872065
1795,68027,116.290455,39.938518
1796,59683,116.434388,40.0451
1797,102478,116.492767,39.998248
1798,67416,116.521774,39.94004
1799,96360,116.429352,39.904538
1800,66267,116.472888,39.986053
1801,137412,116.421081,39.904828
1802,80271,116.271746,40.05804
1803,78534,116.47987,39.995032
1804,98425,116.306396,39.922465
1805,118989,116.343714,39.996907
1806,65125,116.376524,39.851605
1807,60946,116.391125,39.868033
1808,57977,116.397236,39.864463
1809,118069,116.462122,39.923796
1810,38318,116.431552,40.082903
1811,83846,116.336908,39.878778
1812,57609,116.430884,39.863405
1813,46087,116.43942,40.072066
1814,64348,116.255917,39.880421
1815,49824,116.203021,39.929599
1816,67085,116.501166,39.91891
1817,96277,116.442683,40.019229
1818,51896,116.349005,40.079347
1819,38562,116.683117,40.127185
1820,81254,116.271746,40.05804
1821,65081,116.214924,39.927902
1822,96698,116.417993,39.970747
1823,48380,116.309045,40.083072
1824,49375,116.6708,40.139004
1825,134995,116.344116,39.921551
1826,61789,116.351541,40.07117
1827,82335,116.428929,39.980782
1828,57872,116.423882,40.122853
1829,58773,116.426743,39.868762
1830,51784,116.587745,39.92346
1831,93056,116.417203,39.966191
1832,59981,116.669921,39.88789
1833,49902,116.322609,40.082706
1834,56264,116.34663,40.096608
1835,45173,116.279545,40.144739
1836,102304,116.371787,39.905909
1837,76611,116.47773,40.002156
1838,40455,116.659297,40.14532
1839,47905,116.345128,39.763661
1840,49340,116.674981,39.897618
1841,69506,116.470683,39.87738
1842,29605,116.419752,40.135608
1843,54241,116.330198,40.074228
1844,102321,116.347797,39.976432
1845,47518,116.581295,39.910614
1846,58386,116.413621,40.013277
1847,65808,116.467922,39.993105
1848,35779,116.43942,40.072066
1849,45691,116.659218,40.128885
1850,49573,116.340938,39.76265
1851,65020,116.389015,39.844965
1852,92807,116.471076,39.995318
1853,96036,116.45208,39.904622
1854,80350,116.418802,40.010659
1855,147247,116.399275,39.958385
1856,38864,116.110258,39.938303
1857,51796,116.35699,40.093976
1858,45268,116.594886,39.910677
1859,46761,116.3434,40.083322
1860,55342,116.202122,39.928963
1861,42952,116.667038,39.942451
1862,116667,116.376183,39.953459
1863,114701,116.435611,39.948432
1864,44945,116.119651,39.934504
1865,100893,116.486709,39.895879
1866,27774,116.85037,39.963617
1867,36585,116.415732,40.053385
1868,83044,116.420546,39.997876
1869,81883,116.442298,39.970551
1870,65999,116.467922,39.993105
1871,55809,116.658104,39.8932
1872,64390,116.403631,39.869863
1873,46310,116.347991,39.750474
1874,33713,116.355945,39.728279
1875,49799,116.410743,39.821558
1876,27973,116.85037,39.963617
1877,54320,116.659929,39.908429
1878,89577,116.354369,39.978114
1879,83013,116.390213,39.989129
1880,65832,116.551967,39.967123
1881,99233,116.486709,39.895879
1882,46147,116.680468,39.936884
1883,62753,116.471626,39.8946
1884,27764,116.214557,40.226152
1885,50032,116.654682,40.125799
1886,82176,116.378925,39.84505
1887,39039,116.683699,40.11204
1888,31470,116.779959,39.979875
1889,34641,116.423504,40.083027
1890,42073,116.322852,40.088619
1891,82215,116.419299,39.99709
1892,64400,116.42537,40.052808
1893,119863,116.300248,39.924355
1894,61842,116.342393,40.043347
1895,44242,116.331607,39.777363
1896,49950,116.656576,39.902756
1897,28813,116.659297,40.14532
1898,60269,116.51159,39.903448
1899,61559,116.47773,40.002156
1900,52380,116.340929,39.82227
1901,102230,116.343714,39.996907
1902,86463,116.345328,39.903911
1903,86346,116.345328,39.903911
1904,79549,116.404579,39.978491
1905,111845,116.416187,39.969551
1906,72746,116.453206,39.965662
1907,91224,116.461156,39.904867
1908,53437,116.233785,39.906862
1909,45231,116.409906,40.064435
1910,59646,116.698085,39.900316
1911,92334,116.308494,39.968148
1912,58839,116.482018,40.004978
1913,82806,116.427511,39.983814
1914,83333,116.443182,39.990399
1915,43130,116.357702,39.797657
1916,56424,116.315445,40.074203
1917,75995,116.521988,39.927428
1918,35142,116.415742,40.077796
1919,84728,116.46028,39.957618
1920,128617,116.399018,39.978141
1921,51476,116.429618,40.0507
1922,55887,116.450792,39.871858
1923,35712,116.667038,39.942451
1924,100908,116.437841,39.948704
1925,58145,116.426976,39.860988
1926,66421,116.703234,39.911017
1927,74669,116.416117,39.999631
1928,49583,116.639467,39.904485
1929,27179,116.85037,39.963617
1930,47748,116.333765,40.07892
1931,104901,116.360233,39.959116
1932,51908,116.233846,39.905003
1933,97308,116.529599,39.950025
1934,96288,116.409688,39.958188
1935,60062,116.386664,39.850502
1936,108131,116.28549,39.944499
1937,104290,116.290082,39.966788
1938,54137,116.315096,39.857138
1939,29096,116.661657,40.18394
1940,56146,116.662375,39.89499
1941,42414,116.442002,39.811582
1942,39069,116.670101,40.118729
1943,36774,116.670101,40.118729
1944,56615,116.671991,39.887056
1945,67755,116.469221,40.000762
1946,28098,116.675955,40.037646
1947,68108,116.429289,40.040731
1948,76612,116.32616,40.046586
1949,59885,116.684161,39.907381
1950,63472,116.465871,40.007369
1951,81945,116.466716,40.002198
1952,106259,116.229149,39.900286
1953,71682,116.482331,40.014156
1954,50567,116.646296,40.132553
1955,49603,116.228639,39.907678
1956,48606,116.473695,39.876155
1957,92447,116.448513,39.978977
1958,78895,116.52013,39.936383
1959,84593,116.433989,39.973135
1960,95731,116.492991,40.000253
1961,47688,116.568799,39.853078
1962,58480,116.430562,40.045549
1963,111812,116.385168,39.900454
1964,39660,116.259318,40.217911
1965,74808,116.287408,39.906807
1966,53908,116.603852,39.893276
1967,101089,116.309252,39.977842
1968,47870,116.676119,39.875612
1969,75732,116.471849,39.89331
1970,75962,116.376015,40.018207
1971,55752,116.412985,40.062212
1972,75637,116.446047,39.964131
1973,45992,116.311776,40.084907
1974,82237,116.287719,39.931907
1975,52374,116.399702,39.848513
1976,75908,116.330146,40.039456
1977,92771,116.333306,39.891491
1978,91133,116.492991,40.000253
1979,66171,116.521774,39.94004
1980,112446,116.320453,40.039032
1981,51357,116.293798,39.82362
1982,45738,116.423504,40.083027
1983,103862,116.330758,39.962235
1984,86085,116.31364,39.987352
1985,70148,116.463907,40.007017
1986,46623,116.439341,40.082372
1987,91295,116.341257,39.980569
1988,93354,116.328627,39.979037
1989,82956,116.343001,39.964408
1990,65094,116.441442,39.875518
1991,82330,116.511963,39.918936
1992,89761,116.321095,39.946957
1993,71188,116.337135,40.044991
1994,86657,116.349984,39.992769
1995,76407,116.476868,40.012847
1996,51265,116.481385,39.874867
1997,53816,116.430562,40.045549
1998,45930,116.335484,40.09232
1999,39191,116.122354,39.937384
2000,65123,116.170097,40.073984
2001,67284,116.482331,40.014156
2002,50523,116.429618,40.0507
2003,107448,116.447756,39.896508
2004,45284,116.349005,40.079347
2005,76230,116.320895,40.061583
2006,42436,116.43942,40.072066
2007,39554,116.439341,40.082372
2008,41161,116.41678,40.071013
2009,53392,116.202122,39.928963
2010,87771,116.348379,39.898284
2011,38819,116.439341,40.082372
2012,117541,116.392381,39.974142
2013,89830,116.455099,39.978117
2014,83598,116.428929,39.980782
2015,72368,116.296295,40.048304
2016,44029,116.272871,40.235619
2017,40870,116.629595,39.911506
2018,87443,116.326913,39.959365
2019,98361,116.265725,40.057734
2020,79307,116.375054,40.018311
2021,75708,116.442929,40.06296
2022,39189,116.41917,40.124757
2023,48566,116.70811,39.888054
2024,105628,116.469248,40.012773
2025,49258,116.445785,40.077726
2026,38903,116.439341,40.082372
2027,86791,116.390911,39.884464
2028,80074,116.320453,40.039032
2029,50475,116.340189,39.800962
2030,59328,116.441493,39.863696
2031,134995,116.384092,39.96456
2032,110281,116.441193,39.900437
2033,104809,116.348041,39.932646
2034,58643,116.464926,39.88896
2035,75295,116.352882,40.05023
2036,51114,116.497256,39.804081
2037,77617,116.382614,39.986484
2038,67549,116.314439,39.979278
2039,30272,116.170695,39.773701
2040,63552,116.384155,40.070139
2041,52112,116.419296,39.853261
2042,61399,116.473169,39.994603
2043,60802,116.609116,39.903738
2044,41455,116.338402,39.792221
2045,64799,116.397839,39.868935
2046,77444,116.417045,40.006843
2047,54161,116.315096,39.857138
2048,83944,116.313222,39.952186
2049,78616,116.41658,39.87503
2050,38426,116.673834,40.116557
2051,56364,116.504397,39.92941
2052,84591,116.314388,39.972347
2053,66035,116.47638,39.875691
2054,69556,116.344314,40.034975
2055,90014,116.433123,40.00209
2056,65963,116.455671,39.905762
2057,49326,116.435735,39.853176
2058,49232,116.435735,39.853176
2059,121452,116.294695,39.918281
2060,51610,116.340938,39.76265
2061,58023,116.586465,39.918172
2062,117865,116.338384,39.934691
2063,53651,116.640545,39.911057
2064,70291,116.32284,39.882471
2065,97902,116.359841,39.962265
2066,77548,116.246633,39.938989
2067,38830,116.035383,39.88702
2068,56139,116.491703,39.929224
2069,79838,116.329675,39.876404
2070,63452,116.233915,39.8972
2071,52995,116.382098,39.848059
2072,71527,116.37267,39.851088
2073,75117,116.4388,40.054941
2074,44045,116.328035,40.078668
2075,49094,116.661047,39.932185
2076,28719,116.416156,40.082585
2077,36664,116.415742,40.077796
2078,55591,116.432734,39.859452
2079,66116,116.354648,40.044541
2080,103030,116.438842,39.89084
2081,78014,116.364866,39.964032
2082,42978,116.43942,40.072066
2083,88903,116.409266,40.003413
2084,27645,116.819653,39.948694
2085,52326,116.275541,39.872886
2086,80645,116.491575,39.984428
2087,56474,116.651427,39.902087
2088,71813,116.513063,39.937121
2089,29272,116.632377,40.033796
2090,68030,116.513063,39.937121
2091,73951,116.419268,39.984913
2092,61598,116.530553,39.921425
2093,73882,116.45053,39.874376
2094,44546,116.499592,39.80855
2095,60410,116.475021,40.010031
2096,31896,116.457086,39.877614
2097,60966,116.505445,39.939085
2098,48302,116.676831,39.900109
2099,56954,116.694847,39.921775
2100,50000,116.667038,39.942451
2101,49712,116.686389,39.907824
2102,50817,116.675771,39.903665
2103,46673,116.376116,40.089084
2104,78313,116.317277,40.062967
2105,52606,116.34663,40.096608
2106,84901,116.457117,39.971046
2107,89803,116.451197,39.946843
2108,80000,116.437025,40.059329
2109,44000,116.108486,39.944281
2110,24850,116.445996,40.069568
2111,43919,116.42537,40.052808
2112,70287,116.312853,39.951494
2113,76336,116.430966,40.05675
2114,84044,116.378697,40.020751
2115,36586,116.322609,40.082706
2116,39616,116.414419,40.053455
2117,31539,116.828287,39.970903
2118,69124,116.354191,40.035178
2119,37591,116.416156,40.082585
2120,80899,116.266631,39.927795
2121,54912,116.63264,39.913741
2122,40348,116.639972,39.882381
2123,89908,116.325617,40.049466
2124,40042,116.667038,39.942451
2125,60348,116.482018,40.004978
2126,82919,116.372248,40.01614
2127,53130,116.646635,39.914115
2128,57226,116.701064,39.920295
2129,44856,116.402378,39.820979
2130,56940,116.404033,40.088655
2131,101530,116.486825,39.939321
2132,41509,116.527974,39.895003
2133,56642,116.6512,39.898186
2134,69922,116.379778,39.840643
2135,60898,116.696144,39.906537
2136,58101,116.515457,40.029579
2137,62801,116.512182,39.928407
2138,62417,116.690996,39.925159
2139,89563,116.365562,39.982896
2140,63525,116.309363,39.893795
2141,87681,116.435751,39.902151
2142,75038,116.411234,39.976722
2143,102378,116.409266,40.003413
2144,57275,116.422621,40.03926
2145,46490,116.566325,39.914057
2146,41971,116.612765,39.905006
2147,55827,116.679317,39.889108
2148,56891,116.69654,39.903388
2149,31859,116.415742,40.077796
2150,55710,116.589955,39.920154
2151,51049,116.42376,40.0514
2152,86957,116.341257,39.980569
2153,100008,116.333396,39.956362
2154,77485,116.523317,39.933208
2155,48840,116.333765,40.07892
2156,57872,116.390013,39.839669
2157,44684,116.338639,40.079333
2158,42871,116.119651,39.934504
2159,45239,116.698085,39.900316
2160,70523,116.364365,40.069487
2161,43543,116.41678,40.071013
2162,47991,116.161141,39.932229
2163,52770,116.296286,39.870107
2164,65309,116.324898,39.891441
2165,39306,116.648255,39.931905
2166,51295,116.669921,39.88789
2167,98203,116.35881,39.905008
2168,72004,116.598911,39.932527
2169,64897,116.482331,40.014156
2170,58670,116.308505,39.839489
2171,73248,116.454644,39.956012
2172,71755,116.376027,39.843729
2173,36315,116.649091,40.144305
2174,53377,116.566103,39.92841
2175,83229,116.439095,39.983437
2176,44459,116.338519,39.789061
2177,65087,116.471215,39.903238
2178,70492,116.409861,40.042394
2179,57490,116.668441,39.897465
2180,47025,116.661047,39.932185
2181,79524,116.354036,40.01332
2182,59709,116.42537,40.052808
2183,76595,116.490032,39.993487
2184,39585,116.261573,40.216539
2185,38168,116.263323,40.218013
2186,53894,116.612765,39.905006
2187,103814,116.472792,39.995684
2188,64643,116.512916,39.966511
2189,90361,116.343898,39.995983
2190,108491,116.376015,40.018207
2191,95468,116.379711,40.017883
2192,63252,116.450137,39.87191
2193,120391,116.397604,39.878765
2194,58144,116.471626,39.8946
2195,88299,116.463539,39.987791
2196,65561,116.402567,39.869745
2197,34556,116.174718,39.774367
2198,78641,116.296408,40.039756
2199,95369,116.469306,39.997106
2200,119197,116.433451,39.923705
2201,53774,116.262442,39.897184
2202,43776,116.563818,39.953284
2203,59305,116.69007,39.870642
2204,117895,116.440069,39.902423
2205,113787,116.443355,39.90268
2206,89501,116.343001,39.964408
2207,35912,116.659297,40.14532
2208,86901,116.318458,40.039499
2209,81188,116.433356,40.005811
2210,70192,116.337135,40.044991
2211,64263,116.472175,40.017522
2212,38372,116.423882,40.122853
2213,71930,116.320535,39.890098
2214,134128,116.378929,39.967071
2215,62340,116.391353,39.99299
2216,109031,116.305063,39.91533
2217,35251,116.421727,40.130641
2218,38890,116.347998,40.087773
2219,48965,116.328915,40.088074
2220,88391,116.411234,39.976722
2221,97541,116.358612,39.917188
2222,61873,116.343244,40.063366
2223,54692,116.330198,40.074228
2224,55273,116.430562,40.045549
2225,101146,116.49138,39.938386
2226,73271,116.421876,40.008585
2227,40179,116.673834,40.116557
2228,125455,116.395214,39.88381
2229,53981,116.513848,39.875068
2230,52842,116.697005,39.925858
2231,57971,116.314388,39.972347
2232,52936,116.229624,39.915004
2233,31737,116.85037,39.963617
2234,46396,116.353424,40.090961
2235,80265,116.341953,39.96002
2236,53286,116.473695,39.876155
2237,86482,116.381497,39.97775
2238,55085,116.423696,39.815785
2239,63175,116.363152,40.089008
2240,44393,116.354287,40.079237
2241,53143,116.556567,39.952006
2242,49877,116.468749,39.874429
2243,55845,116.586465,39.918172
2244,58346,116.560531,39.925155
2245,135406,116.301832,39.972868
2246,45354,116.326792,39.757576
2247,44970,116.333765,40.07892
2248,57732,116.485616,40.006096
2249,118991,116.400533,39.962226
2250,67978,116.471931,40.008739
2251,83348,116.433989,39.973135
2252,56240,116.589955,39.920154
2253,62189,116.512916,39.966511
2254,68068,116.403511,39.872127
2255,79444,116.404579,39.978491
2256,99653,116.342241,40.038962
2257,57731,116.430562,40.045549
2258,62694,116.312187,39.896423
2259,47371,116.233846,39.905003
2260,64326,116.50404,39.814896
2261,87651,116.409266,40.003413
2262,66796,116.483888,40.004499
2263,98670,116.307929,39.914766
2264,65153,116.380725,39.850187
2265,83650,116.433425,40.01024
2266,55845,116.360745,40.088084
2267,39455,116.245538,40.220033
2268,48452,116.197167,39.935324
2269,60835,116.488534,39.875468
2270,47208,116.568799,39.853078
2271,60150,116.600168,39.937451
2272,134921,116.384092,39.96456
2273,67470,116.330146,40.039456
2274,86153,116.529205,39.926332
2275,91431,116.327664,39.94173
2276,49155,116.212105,39.940814
2277,28269,116.43942,40.072066
2278,102115,116.344635,39.887735
2279,56037,116.42059,40.038368
2280,94515,116.44366,39.903303
2281,80146,116.485616,40.006096
2282,97621,116.473987,39.998614
2283,70915,116.467922,39.993105
2284,75630,116.322845,40.035467
2285,32931,116.354697,39.745721
2286,79848,116.273525,39.912989
2287,46784,116.613895,39.894341
2288,84479,116.372382,39.958962
2289,63947,116.487649,39.985143
2290,45570,116.416156,40.082585
2291,41076,116.636059,39.907157
2292,63489,116.520858,39.918846
2293,68807,116.521774,39.94004
2294,56573,116.430562,40.045549
2295,87063,116.365812,39.960581
2296,114967,116.43343,39.958449
2297,89826,116.36465,39.980549
2298,49599,116.296708,39.856361
2299,53873,116.260837,39.873276
2300,65780,116.518451,39.92401
2301,42456,116.432684,40.077562
2302,76378,116.493655,39.905367
2303,27609,116.85037,39.963617
2304,37934,116.659056,40.14159
2305,60362,116.712033,39.925108
2306,68570,116.517937,39.915593
2307,93714,116.448783,39.894213
2308,30586,116.785327,39.99439
2309,32007,116.780446,39.987782
2310,72428,116.293444,40.037849
2311,124792,116.38483,40.014138
2312,58207,116.411481,40.059131
2313,55147,116.344335,39.770444
2314,33471,116.416156,40.082585
2315,73563,116.344985,39.891739
2316,76501,116.450058,39.870707
2317,36290,116.659056,40.14159
2318,94540,116.476447,39.903804
2319,52393,116.425063,40.044097
2320,87400,116.359316,39.882762
2321,88471,116.467478,40.018459
2322,77413,116.270882,39.932076
2323,41260,116.670101,40.118729
2324,55340,116.42059,40.038368
2325,82143,116.469306,39.997106
2326,46821,116.70193,39.899597
2327,51730,116.342088,39.749733
2328,91226,116.368316,39.892214
2329,69494,116.367137,40.040209
2330,51067,116.313915,39.842864
2331,54765,116.341759,39.755588
2332,96160,116.371815,40.022013
2333,54532,116.434388,40.0451
2334,49946,116.653763,39.901479
2335,61105,116.417203,39.966191
2336,62022,116.441493,39.863696
2337,80076,116.438506,39.967756
2338,58278,116.488974,39.807864
2339,95032,116.435751,39.902151
2340,40766,116.34715,39.806402
2341,65333,116.490126,39.920449
2342,53750,116.695911,39.894711
2343,100048,116.371638,39.885409
2344,42084,116.150668,39.936615
2345,63252,116.515429,39.874208
2346,69392,116.264621,40.087404
2347,42884,116.145679,39.945014
2348,30934,116.220092,39.813434
2349,55984,116.517937,39.915593
2350,105012,116.342295,40.002937
2351,36115,116.639972,39.882381
2352,88406,116.323027,40.040979
2353,48139,116.667363,39.905367
2354,39399,116.675538,39.90116
2355,80676,116.422298,39.872639
2356,104167,116.329472,39.977829
2357,78500,116.291354,39.933054
2358,92233,116.306503,39.921589
2359,110000,116.354036,39.890734
2360,88424,116.361707,39.955053
2361,80000,116.490525,39.97146
2362,73495,116.351677,39.980567
2363,40397,116.659297,40.14532
2364,104906,116.336918,39.893507
2365,94560,116.312131,39.970749
2366,58462,116.420993,40.030479
2367,72525,116.468332,40.009959
2368,50000,116.641021,39.914053
2369,61707,116.229149,39.900286
2370,107371,116.347797,39.976432
2371,40943,116.41678,40.071013
2372,58957,116.210647,39.939312
2373,51485,116.34004,39.775896
2374,70799,116.334485,39.890374
2375,67909,116.247008,39.906426
2376,32150,116.415742,40.077796
2377,36997,116.431552,40.082903
2378,101641,116.301642,39.914919
2379,39899,116.332651,40.072033
2380,78331,116.467182,40.014312
2381,68653,116.282549,39.895086
2382,64516,116.465871,40.007369
2383,79016,116.447251,39.973301
2384,62844,116.47773,40.002156
2385,74426,116.47773,40.002156
2386,53505,116.325341,39.781506
2387,54181,116.589955,39.920154
2388,35593,116.421727,40.130641
2389,52398,116.188426,39.935915
2390,56157,116.388821,39.846982
2391,66063,116.424392,40.001544
2392,70935,116.472178,39.940931
2393,77366,116.495031,39.976908
2394,85568,116.441781,39.991956
2395,38260,116.404561,39.848711
2396,52243,116.516836,39.906378
2397,114068,116.353434,39.940291
2398,95398,116.485379,40.009067
2399,46970,116.465305,39.818518
2400,81637,116.390064,40.007825
2401,66511,116.390064,40.007825
2402,68340,116.358042,39.847965
2403,114967,116.459652,39.901899
2404,53261,116.534997,39.928559
2405,58812,116.694847,39.921775
2406,71875,116.648559,39.894325
2407,97483,116.464603,39.905054
2408,75276,116.446534,39.959314
2409,69889,116.344469,40.037023
2410,54715,116.446371,39.964132
2411,85502,116.484696,39.903711
2412,78641,116.513137,39.978272
2413,59827,116.402567,39.869745
2414,100050,116.288287,39.968979
2415,78419,116.418802,40.010659
2416,27952,116.156204,39.761792
2417,85042,116.380249,40.00708
2418,73846,116.359909,39.896558
2419,47977,116.328915,40.088074
2420,75972,116.472888,39.986053
2421,99897,116.259844,39.912414
2422,111348,116.351624,39.889592
2423,103172,116.506186,39.943156
2424,79233,116.317277,40.062967
2425,33783,116.435471,40.109315
2426,94016,116.288109,39.962084
2427,99301,116.333303,39.974734
2428,49163,116.340929,39.82227
2429,61338,116.316963,40.056306
2430,100548,116.48107,39.902277
2431,45626,116.325341,39.781506
2432,92064,116.292721,39.959747
2433,58343,116.430562,40.045549
2434,95714,116.298736,39.934527
2435,49785,116.333603,39.743229
2436,43140,116.167112,39.936388
2437,53982,116.430562,40.045549
2438,114017,116.30499,39.957936
2439,126984,116.486029,39.973029
2440,94738,116.433425,40.01024
2441,39899,116.355945,39.728279
2442,72409,116.472485,39.938198
2443,66122,116.337135,40.044991
2444,53688,116.671991,39.887056
2445,63095,116.35335,39.875618
2446,64528,116.503578,39.961829
2447,34741,116.175983,39.767012
2448,86002,116.30313,39.950488
2449,39624,116.361705,39.761336
2450,53890,116.330198,40.074228
2451,36707,116.091761,39.937022
2452,111629,116.440069,39.902423
2453,107520,116.312813,39.932255
2454,69623,116.481758,40.000832
2455,80977,116.409805,39.969951
2456,75403,116.513736,39.918474
2457,51456,116.372841,40.080111
2458,68717,116.521812,39.930841
2459,48459,116.176213,39.942157
2460,49275,116.559704,39.92503
2461,65134,116.51159,39.903448
2462,93591,116.441781,39.991956
2463,57340,116.594761,39.936939
2464,80014,116.279309,40.026934
2465,112500,116.420268,39.949318
2466,69674,116.478366,39.941392
2467,98352,116.271746,40.05804
2468,60976,116.411885,39.87098
2469,67592,116.433365,40.048629
2470,67043,116.344469,40.037023
2471,48570,116.608145,39.918598
2472,60721,116.357513,40.0711
2473,135734,116.383716,39.923114
2474,115095,116.490651,39.895343
2475,36380,116.670101,40.118729
2476,79731,116.468592,40.028148
2477,66699,116.312187,39.896423
2478,30971,116.816803,39.96929
2479,83486,116.345863,39.877035
2480,59903,116.448913,39.87337
2481,37534,116.659297,40.14532
2482,85069,116.34724,39.896217
2483,128814,116.399018,39.978141
2484,60076,116.411481,40.059131
2485,46134,116.495037,39.806319
2486,81463,116.422441,40.006907
2487,68158,116.348101,40.040414
2488,76957,116.467182,40.014312
2489,81076,116.317277,40.062967
2490,128196,116.306359,39.9679
2491,31568,116.134128,39.747177
2492,43987,116.415742,40.077796
2493,56281,116.427682,40.050832
2494,129808,116.32123,39.951253
2495,51891,116.556567,39.952006
2496,85590,116.489254,40.006445
2497,88523,116.344041,39.896394
2498,65324,116.704315,39.92475
2499,62569,116.362306,40.035119
2500,67630,116.301217,40.028811
2501,52619,116.586465,39.918172
2502,69805,116.378961,39.87183
2503,34281,116.186217,39.756632
2504,33926,116.429292,40.111125
2505,106635,116.426157,39.918525
2506,75113,116.482018,40.004978
2507,34382,116.385869,39.772399
2508,67701,116.638121,39.882353
2509,112100,116.362351,39.925
2510,67553,116.308531,39.847435
2511,95819,116.354369,39.978114
2512,54043,116.589658,39.925265
2513,82979,116.329391,39.905863
2514,82143,116.4515,39.904606
2515,45146,116.59088,39.924096
2516,81579,116.380053,39.987291
2517,107390,116.318539,39.918502
2518,57287,116.504579,39.795716
2519,63071,116.362306,40.035119
2520,100703,116.486709,39.895879
2521,74792,116.518849,39.931002
2522,62374,116.296286,39.870107
2523,80745,116.345863,39.877035
2524,71918,116.220283,40.043636
2525,67341,116.432972,39.99183
2526,83033,116.467478,40.018459
2527,104439,116.304415,39.918055
2528,35656,116.676119,39.875612
2529,39424,116.659297,40.14532
2530,39015,116.445996,40.069568
2531,64158,116.711337,39.9184
2532,53043,116.636059,39.907157
2533,55537,116.34663,40.096608
2534,30793,116.439341,40.082372
2535,61802,116.530553,39.921425
2536,35338,116.416156,40.082585
2537,45767,116.460643,39.806976
2538,54667,116.499423,39.900278
2539,140976,116.330345,39.984336
2540,59617,116.508046,39.799319
2541,42429,116.435471,40.109315
2542,99968,116.340103,39.98
2543,86251,116.389228,39.988818
2544,72364,116.382525,40.005332
2545,85999,116.529205,39.926332
2546,75884,116.359007,40.046713
2547,58511,116.621507,39.933755
2548,56250,116.622063,39.931519
2549,29841,116.846026,39.958434
2550,86273,116.398206,39.979381
2551,66347,116.391928,39.849173
2552,44698,116.337569,40.089546
2553,38203,116.443144,39.788087
2554,56271,116.671991,39.887056
2555,46872,116.431342,40.071807
2556,90776,116.441781,39.991956
2557,41219,116.660013,40.147758
2558,44961,116.642238,39.90911
2559,33949,116.164506,39.731851
2560,104943,116.349984,39.992769
2561,64821,116.32442,39.858227
2562,38744,116.225476,40.226443
2563,66445,116.308505,39.839489
2564,59406,116.708466,39.925012
2565,34580,116.141453,39.739637
2566,48672,116.652755,39.921309
2567,88376,116.367726,39.894516
2568,72337,116.298181,39.851185
2569,85773,116.437025,40.059329
2570,39595,116.154608,39.726495
2571,78073,116.425978,40.002211
2572,102816,116.491708,40.003156
2573,77267,116.458573,39.905492
2574,55196,116.296286,39.870107
2575,39221,116.426734,40.066064
2576,40000,116.416156,40.082585
2577,53316,116.256241,39.89887
2578,66298,116.479692,40.0097
2579,52249,116.295536,39.848391
2580,73112,116.509336,39.941162
2581,81305,116.503478,39.917946
2582,91314,116.365812,39.960581
2583,112419,116.343714,39.996907
2584,50487,116.353424,40.090961
2585,47830,116.354287,40.079237
2586,57252,116.694847,39.921775
2587,91026,116.433425,40.01024
2588,94473,116.469306,39.997106
2589,80670,116.445445,39.93257
2590,52611,116.395776,40.084277
2591,96154,116.473987,39.998614
2592,49251,116.328915,40.088074
2593,57580,116.568799,39.853078
2594,52861,116.572491,39.853078
2595,52717,116.568799,39.853078
2596,71969,116.490032,39.993487
2597,59391,116.434388,40.0451
2598,56621,116.434388,40.0451
2599,73260,116.456697,39.922284
2600,53550,116.265669,39.894045
2601,104221,116.435282,39.929418
2602,113761,116.291982,39.96905
2603,49398,116.564081,39.867532
2604,94895,116.485379,40.009067
2605,67669,116.170097,40.073984
2606,69799,116.487649,39.985143
2607,54432,116.415505,39.859651
2608,66415,116.493655,39.905367
2609,89452,116.371815,40.022013
2610,55092,116.398566,39.861922
2611,70884,116.376524,39.851605
2612,51927,116.566589,39.852939
2613,119549,116.33514,39.995926
2614,74765,116.478715,39.916424
2615,56059,116.404744,39.819538
2616,77538,116.471849,39.89331
2617,53134,116.410743,39.821558
2618,84970,116.338389,39.889219
2619,97804,116.340103,39.98
2620,43073,116.605035,40.051164
2621,63781,116.462185,39.884984
2622,61112,116.423841,39.850638
2623,46157,116.695201,39.934643
2624,41417,116.685452,39.94297
2625,52418,116.568799,39.853078
2626,29967,116.636725,40.031531
2627,25576,116.128219,39.731905
2628,46406,116.643715,40.137169
2629,101190,116.309984,39.96579
2630,78217,116.455188,39.979036
2631,95299,116.298736,39.934527
2632,40495,116.421842,40.119709
2633,50569,116.646296,40.132553
2634,67240,116.482018,40.004978
2635,96245,116.370152,39.96151
2636,49900,116.339882,39.82826
2637,58564,116.434388,40.0451
2638,109664,116.299818,39.943428
2639,65909,116.501958,39.882586
2640,68046,116.419009,39.87095
2641,110456,116.352517,39.891585
2642,88443,116.312396,39.884145
2643,77729,116.437025,40.059329
2644,52546,116.527974,39.895003
2645,35971,116.228671,40.205721
2646,54231,116.440459,39.858116
2647,40062,116.415732,40.053385
2648,59551,116.385503,39.852652
2649,91960,116.417395,39.981069
2650,45833,116.354287,40.079237
2651,46483,116.648606,39.90866
2652,75472,116.372015,39.86688
2653,51641,116.196292,39.931247
2654,64684,116.315031,39.842469
2655,134063,116.325385,39.984968
2656,53670,116.561668,39.928981
2657,60484,116.392762,39.862365
2658,29668,116.186217,39.756632
2659,48654,116.698943,39.942109
2660,46621,116.372672,39.874481
2661,55649,116.413311,39.865588
2662,35631,116.175983,39.767012
2663,66690,116.506351,39.966185
2664,61075,116.389015,39.844965
2665,34686,116.416156,40.082585
2666,51301,116.517963,39.86507
2667,41700,116.239386,40.222199
2668,55304,116.589955,39.920154
2669,62330,116.504579,39.795716
2670,34356,116.249025,40.218067
2671,62959,116.428173,39.993677
2672,71034,116.477203,39.900109
2673,50157,116.387197,39.855729
2674,62979,116.518854,39.939588
2675,111118,116.291982,39.96905
2676,69860,116.398566,39.861922
2677,111628,116.435055,39.941656
2678,27742,116.599448,40.048301
2679,47086,116.416572,40.063191
2680,84932,116.409266,40.003413
2681,55707,116.395003,39.856592
2682,33823,116.639972,39.882381
2683,72576,116.451506,39.972611
2684,53624,116.212105,39.940814
2685,80444,116.481564,39.933347
2686,79773,116.437025,40.059329
2687,80789,116.483671,39.895896
2688,53182,116.667038,39.942451
2689,62069,116.369206,39.856287
2690,58350,116.599468,39.935619
2691,40690,116.432684,40.077562
2692,86813,116.409266,40.003413
2693,92814,116.419691,40.039891
2694,62673,116.295938,39.873528
2695,81650,116.247008,39.906426
2696,93677,116.466716,40.002198
2697,36944,116.448937,39.80951
2698,77019,116.424207,40.031743
2699,88768,116.443037,39.985807
2700,96763,116.35572,40.01918
2701,51606,116.318694,40.087485
2702,83896,116.489254,40.006445
2703,120000,116.362988,39.919549
2704,48328,116.330198,40.074228
2705,54093,116.69972,39.903277
2706,38328,116.605893,40.054165
2707,58001,116.451194,39.854478
2708,57326,116.399845,39.847402
2709,53637,116.560215,40.093
2710,65884,116.319751,39.836525
2711,39425,116.600019,40.057533
2712,60241,116.530553,39.921425
2713,54703,116.527898,39.920581
2714,73721,116.493655,39.905367
2715,83000,116.409688,39.958188
2716,50589,116.530268,39.931226
2717,77586,116.270772,39.931256
2718,67129,116.319751,39.836525
2719,79526,116.373195,39.841709
2720,39869,116.683117,40.127185
2721,52114,116.698085,39.900316
2722,38042,116.554732,39.760617
2723,46931,116.342551,39.751134
2724,145876,116.371787,39.905909
2725,44168,116.247907,39.839983
2726,78973,116.323629,39.885906
2727,48011,116.641021,39.914053
2728,39394,116.642721,39.932375
2729,92947,116.268601,39.933567
2730,86059,116.468592,40.028148
2731,61289,116.518978,39.904327
2732,58750,116.26846,39.894934
2733,33588,116.298459,39.785761
2734,129534,116.432937,39.951953
2735,77355,116.382525,40.005332
2736,72155,116.501958,39.882586
2737,45162,116.439341,40.082372
2738,75309,116.376027,39.843729
2739,95858,116.460445,39.934142
2740,58487,116.589658,39.925265
2741,66705,116.481666,39.992718
2742,67922,116.564716,39.919152
2743,115385,116.490651,39.895343
2744,51852,116.667758,39.911718
2745,117182,116.443175,39.941889
2746,57116,116.560215,40.093
2747,34846,116.416156,40.082585
2748,57573,116.517937,39.915593
2749,68221,116.515429,39.874208
2750,54307,116.349009,40.074638
2751,36905,116.445785,40.077726
2752,37890,116.445785,40.077726
2753,57393,116.422817,39.862947
2754,40176,116.649455,40.141789
2755,124209,116.417962,39.949228
2756,59034,116.451751,39.852588
2757,62013,116.523444,39.92445
2758,40952,116.722221,40.087052
2759,77725,116.329675,39.876404
2760,40634,116.274354,40.170887
2761,59241,116.357513,40.0711
2762,89581,116.389228,39.988818
2763,69652,116.480024,39.944529
2764,64821,116.42537,40.052808
2765,89457,116.35572,40.01918
2766,34711,116.683576,40.124464
2767,64972,116.346988,40.035114
2768,27569,116.421727,40.130641
2769,42265,116.432684,40.077562
2770,37556,116.385869,39.772399
2771,38186,116.649091,40.144305
2772,35059,116.353561,39.768357
2773,56984,116.600168,39.937451
2774,78014,116.41449,39.879802
2775,58300,116.68583,39.870919
2776,65342,116.512916,39.966511
2777,45812,116.610993,39.895822
2778,91028,116.463539,39.987791
2779,41382,116.695201,39.934643
2780,61983,116.429618,40.0507
2781,51878,116.429618,40.0507
2782,35684,116.263323,40.218013
2783,32487,116.416156,40.082585
2784,97752,116.326913,39.959365
2785,99151,116.341863,39.953175
2786,72311,116.320535,39.890098
2787,62220,116.490126,39.920449
2788,82312,116.390213,39.989129
2789,63156,116.390013,39.839669
2790,89925,116.370317,39.952381
2791,46975,116.316963,40.056306
2792,51417,116.349005,40.079347
2793,41727,116.66841,40.142858
2794,96061,116.44905,39.903129
2795,53030,116.438241,39.85067
2796,103739,116.278835,39.956753
2797,76786,116.445284,39.925343
2798,68694,116.47773,40.002156
2799,42915,116.363306,40.08023
2800,54189,116.438762,39.854215
2801,62275,116.319336,39.827336
2802,46464,116.654682,40.125799
2803,54708,116.326792,39.757576
2804,41280,116.658604,39.953468
2805,89172,116.471076,39.995318
2806,64953,116.471931,40.008739
2807,56923,116.330198,40.074228
2808,30916,116.77441,39.980612
2809,48886,116.645523,39.893536
2810,67532,116.518854,39.939588
2811,57917,116.209966,39.948741
2812,83898,116.359841,39.962265
2813,110092,116.408184,39.953334
2814,52104,116.399845,39.847402
2815,35209,116.693092,40.123469
2816,60249,116.638121,39.882353
2817,43150,116.432684,40.077562
2818,62617,116.367293,40.043059
2819,55351,116.658326,39.907069
2820,42949,116.636774,39.918867
2821,94955,116.471006,40.016871
2822,93593,116.4471,39.879796
2823,37702,116.154608,39.726495
2824,88036,116.471508,40.000031
2825,45790,116.40635,40.052459
2826,57500,116.308663,39.839115
2827,96383,116.353539,39.979585
2828,46863,116.505206,39.809326
2829,71336,116.461949,40.003018
2830,44496,116.339646,39.800704
2831,107895,116.324868,39.934263
2832,38261,116.6709,40.137772
2833,30344,116.779959,39.979875
2834,53495,116.662088,39.893938
2835,64452,116.318458,40.039499
2836,44444,116.560389,40.094933
2837,49078,116.415343,40.075533
2838,71917,116.448438,39.926391
2839,52203,116.39122,39.848862
2840,53857,116.559704,39.92503
2841,77988,116.416117,39.999631
2842,95020,116.35572,40.01918
2843,35219,116.445785,40.077726
2844,43351,116.423504,40.083027
2845,45147,116.497256,39.804081
2846,42072,116.246804,40.216686
2847,37086,116.650294,39.934305
2848,69927,116.44012,40.046751
2849,101493,116.341684,39.979225
2850,67778,116.453086,39.898397
2851,81189,116.3367,39.897727
2852,66639,116.523444,39.92445
2853,118386,116.432862,39.948968
2854,72242,116.247008,39.906426
2855,77690,116.46827,39.99957
2856,58836,116.285444,39.9002
2857,39227,116.722221,40.087052
2858,58547,116.314318,39.855359
2859,57043,116.330198,40.074228
2860,59257,116.330198,40.074228
2861,44661,116.322852,40.088619
2862,43532,116.501885,39.961933
2863,55692,116.517555,39.872965
2864,89669,116.333347,39.904872
2865,98644,116.371187,40.00245
2866,34600,116.415742,40.077796
2867,33574,116.445785,40.077726
2868,84746,116.381044,39.994818
2869,46118,116.446449,39.812275
2870,65176,116.413412,40.054875
2871,81110,116.423442,39.994638
2872,55877,116.712033,39.925108
2873,35321,116.780446,39.987782
2874,45455,116.425063,40.044097
2875,59967,116.391353,39.99299
2876,45076,116.3434,40.083322
2877,36952,116.639972,39.882381
2878,59574,116.428732,40.048486
2879,53747,116.276825,39.901458
2880,46301,116.331446,40.085293
2881,118280,116.353434,39.940291
2882,67471,116.502784,39.961221
2883,52781,116.328035,40.078668
2884,50157,116.20383,39.925938
2885,48019,116.655566,39.883931
2886,65186,116.422441,40.006907
2887,50896,116.172207,39.934402
2888,58807,116.520858,39.918846
2889,43252,116.517963,39.86507
2890,80125,116.372382,39.958962
2891,71605,116.378761,39.995596
2892,71244,116.461912,39.998363
2893,40905,116.114782,39.938645
2894,108552,116.370793,39.899434
2895,47277,116.433401,40.107867
2896,101036,116.365562,39.982896
2897,77901,116.471849,39.89331
2898,88670,116.364694,39.987093
2899,51493,116.325341,39.781506
2900,57223,116.473376,39.875385
2901,90509,116.348379,39.898284
2902,131959,116.383895,39.970656
