,id,price,longitude,latitude
1543,1544,55402,116.674125,39.888622999999995
2737,2738,75309,116.37602700000001,39.843728999999996
1641,1642,52192,116.675771,39.903665000000004
2316,2317,36290,116.659056,40.14159
2382,2383,79016,116.447251,39.973301
425,426,54729,116.33843300000001,40.051503000000004
2652,2653,51641,116.19629199999999,39.931247
1008,1009,88711,116.286376,39.959534999999995
2666,2667,41700,116.23938600000001,40.222198999999996
2227,2228,125455,116.395214,39.88381
1478,1479,61789,116.59246999999999,39.926531
2495,2496,85590,116.489254,40.006445
107,108,55758,116.276504,39.888721999999994
1781,1782,120083,116.32677,39.943681
1107,1108,66133,116.504346,39.881279
2540,2541,42429,116.43547099999999,40.109315
2572,2573,77267,116.458573,39.905491999999995
1088,1089,104816,116.347797,39.976432
374,375,46078,116.359156,40.079209000000006
387,388,54220,116.651623,39.894471
402,403,48969,116.45296699999999,39.818019
1244,1245,105488,116.32648799999998,39.93595
1975,1976,75908,116.330146,40.039456
212,213,56176,116.324073,40.082161
1891,1892,64400,116.42537,40.052808
1441,1442,51717,116.33533200000001,40.067075
128,129,32367,116.43268400000001,40.077562
664,665,52865,116.339906,39.781801
2032,2033,104809,116.348041,39.932646000000005
2836,2837,49078,116.415343,40.075533
892,893,67799,116.414452,39.866869
1425,1426,52063,116.34663,40.096608
70,71,49902,116.68461,39.911076
361,362,61657,116.49947900000001,39.928739
1980,1981,51357,116.293798,39.82362
821,822,65315,116.47773000000001,40.002156
1123,1124,84986,116.46859199999999,40.028148
1792,1793,36664,116.66014399999999,40.120667
1082,1083,54544,116.513625,39.931024
721,722,81174,116.27942900000001,40.037637
1617,1618,73279,116.45320600000001,39.965662
1981,1982,45738,116.42350400000001,40.083027
2555,2556,90776,116.441781,39.991956
2278,2279,56037,116.42058999999999,40.038368
2585,2586,57252,116.694847,39.921775
1453,1454,40778,116.703713,39.95821
1818,1819,38562,116.683117,40.127185
222,223,49497,116.34211699999999,40.089417
2523,2524,71918,116.22028300000001,40.043636
1457,1458,50715,116.387828,39.852874
2715,2716,50589,116.53026799999999,39.931226
760,761,54770,116.170097,40.073984
344,345,69930,116.45669699999999,39.922284000000005
225,226,63830,116.42537,40.052808
75,76,90641,116.474112,39.997308000000004
480,481,47985,116.415343,40.075533
2166,2167,98203,116.35881,39.905008
1935,1936,108131,116.28549,39.944499
851,852,59413,116.47206399999999,39.887679999999996
1484,1485,64477,116.27292800000001,39.885267
23,24,50730,116.221549,39.905466
2387,2388,35593,116.421727,40.130641
1908,1909,45231,116.409906,40.064434999999996
2141,2142,75038,116.41123400000001,39.976721999999995
1910,1911,92334,116.308494,39.968148
291,292,92112,116.464603,39.905054
98,99,68732,116.32844899999999,39.849606
1624,1625,65987,116.482231,40.009521
1972,1973,45992,116.311776,40.084907
2373,2374,70799,116.33448500000002,39.890374
2610,2611,70884,116.376524,39.851605
696,697,36898,116.17041,39.767123
2395,2396,52243,116.51683600000001,39.906378000000004
2484,2485,46134,116.49503700000001,39.806319
2272,2273,67470,116.330146,40.039456
1879,1880,65832,116.55196699999999,39.967123
32,33,108315,116.442531,39.89667
2702,2703,120000,116.36298799999999,39.919548999999996
842,843,42986,116.66703799999999,39.942451
1295,1296,64191,116.48166200000001,39.878749
684,685,83321,116.446047,39.964131
901,902,56443,116.32309099999999,39.888033
1932,1933,97308,116.529599,39.950025
2746,2747,34846,116.416156,40.082584999999995
1940,1941,42414,116.442002,39.811582
2317,2318,94540,116.476447,39.903804
377,378,56662,116.31803500000001,39.857355
1968,1969,75732,116.471849,39.89331
2670,2671,62959,116.428173,39.993677000000005
1131,1132,93409,116.353071,39.880569
1175,1176,69915,116.426125,39.969678
2021,2022,39189,116.41917,40.124757
323,324,59809,116.483888,40.004498999999996
2407,2408,75276,116.44653400000001,39.959314
1775,1776,94361,116.441781,39.991956
79,80,84357,116.490525,39.97146
1928,1929,27179,116.85037,39.963617
2329,2330,51067,116.313915,39.842864
2254,2255,79444,116.404579,39.978491
1093,1094,73125,116.463907,40.007017
560,561,112016,116.351134,39.914348
492,493,106654,116.46549099999999,39.901678000000004
882,883,44009,116.658604,39.953468
2115,2116,39616,116.414419,40.053455
1762,1763,73801,116.330146,40.039456
2886,2887,50896,116.172207,39.934402
572,573,66119,116.51306299999999,39.937121000000005
722,723,53456,116.229624,39.915003999999996
2803,2804,41280,116.658604,39.953468
2601,2602,113761,116.291982,39.96905
210,211,67856,116.337135,40.044990999999996
1513,1514,67422,116.324979,39.852231
1778,1779,52009,116.2882,39.878001
2401,2402,68340,116.358042,39.847965
61,62,42123,116.35428700000001,40.079237
1173,1174,69242,116.420226,40.058739
1700,1701,48335,116.439326,39.821816
2674,2675,111118,116.291982,39.96905
1520,1521,39217,116.33851899999999,39.789061
104,105,42844,116.425304,40.112553000000005
2287,2288,84479,116.372382,39.958962
2463,2464,80014,116.27930900000001,40.026934000000004
739,740,66366,116.30850500000001,39.839489
1144,1145,37646,116.42350400000001,40.083027
48,49,74642,116.388522,39.985964
2274,2275,91431,116.32766399999998,39.94173
1963,1964,39660,116.259318,40.217911
1120,1121,83372,116.50356799999999,39.916109000000006
77,78,91526,116.48537900000001,40.009067
2600,2601,104221,116.435282,39.929418
1249,1250,40895,116.38153100000001,40.089564
1031,1032,82616,116.46656200000001,39.921656
921,922,75570,116.373314,39.844248
1524,1525,46438,116.65468200000001,40.125799
1420,1421,71908,116.478715,39.916424
2872,2873,35321,116.780446,39.987782
220,221,52500,116.51683600000001,39.906378000000004
2813,2814,52104,116.399845,39.847402
1156,1157,53405,116.34663,40.096608
1058,1059,68418,116.215584,39.924903
730,731,56211,116.51793700000002,39.915593
943,944,81447,116.437025,40.059329
632,633,42968,116.330198,40.074228000000005
2114,2115,36586,116.32260900000001,40.082706
1193,1194,62135,116.260405,39.900036
2145,2146,41971,116.612765,39.905006
627,628,39756,116.445996,40.069568
1000,1001,109392,116.344169,39.935125
1188,1189,60691,116.70323400000001,39.911017
2119,2120,80899,116.266631,39.927795
822,823,34035,116.12493300000001,39.934554999999996
2507,2508,67701,116.638121,39.882353
200,201,60527,116.463907,40.007017
1618,1619,39523,116.65471299999999,40.185553000000006
2842,2843,35219,116.44578500000001,40.077726
2672,2673,50157,116.387197,39.855729
2058,2059,121452,116.29469499999999,39.918281
813,814,53987,116.215271,39.948869
1681,1682,82174,116.22028300000001,40.043636
2648,2649,91960,116.417395,39.981069
2433,2434,95714,116.298736,39.934527
186,187,64814,116.372735,39.851209000000004
149,150,57820,116.51141899999999,39.981871999999996
2559,2560,104943,116.349984,39.992769
1633,1634,47059,116.333603,39.743229
49,50,99642,116.30946200000001,39.941053000000004
1688,1689,82972,116.492208,39.975157
2493,2494,129808,116.32123,39.951253
2462,2463,57340,116.594761,39.936939
1985,1986,46623,116.43934099999998,40.082372
1906,1907,91224,116.461156,39.904866999999996
180,181,38720,116.66841000000001,40.142858000000004
1978,1979,66171,116.521774,39.94004
1815,1816,67085,116.501166,39.91891
2136,2137,62801,116.51218200000001,39.928407
1709,1710,85150,116.352899,39.889225
733,734,31314,116.43547099999999,40.109315
2306,2307,93714,116.448783,39.894213
1318,1319,37225,116.43268400000001,40.077562
1591,1592,34134,116.415742,40.077796
1476,1477,80097,116.41886299999999,40.033442
1643,1644,86777,116.41123400000001,39.976721999999995
600,601,72911,116.41916200000001,40.031546
349,350,84946,116.36895700000001,39.954839
2118,2119,37591,116.416156,40.082584999999995
1278,1279,84270,116.425766,39.985931
568,569,76152,116.45320600000001,39.965662
78,79,36185,116.42841100000001,40.135622999999995
2250,2251,83348,116.433989,39.973135
817,818,132948,116.421058,39.93627
28,29,63552,116.384155,40.070139000000005
2653,2654,64684,116.315031,39.842469
1780,1781,41059,116.603501,39.919667
333,334,110333,116.385168,39.900453999999996
1208,1209,76535,116.28323200000001,39.888903000000006
324,325,81340,116.381497,39.97775
1738,1739,83000,116.44831599999999,39.900192
2181,2182,59709,116.42537,40.052808
855,856,60650,116.455671,39.905762
382,383,67854,116.214924,39.927902
2664,2665,34686,116.416156,40.082584999999995
2095,2096,31896,116.457086,39.877614
1851,1852,92807,116.471076,39.995318
1801,1802,80271,116.271746,40.058040000000005
1704,1705,76371,116.35288200000001,40.05023
1761,1762,107266,116.27314299999999,39.913383
978,979,47706,116.19181299999998,39.925603
356,357,59124,116.59503000000001,39.92974
1162,1163,35220,116.337584,39.795021000000006
2567,2568,72337,116.298181,39.851185
19,20,25442,116.650438,39.920818
76,77,62987,116.47692099999999,39.983744
2609,2610,55092,116.39856599999999,39.861922
2130,2131,101530,116.486825,39.939321
373,374,81671,116.45968,39.999245
2634,2635,96245,116.370152,39.96151
372,373,54837,116.315096,39.857138
1378,1379,49778,116.49841699999999,39.7967
1369,1370,35944,116.639972,39.882381
937,938,80578,116.46629399999999,39.995886
1690,1691,63562,116.68595900000001,39.937078
811,812,135417,116.421058,39.93627
1009,1010,36187,116.43268400000001,40.077562
1720,1721,64444,116.425063,40.044097
918,919,79486,116.446972,39.950006
2258,2259,47371,116.233846,39.905003
2644,2645,35971,116.22867099999999,40.205721000000004
576,577,62634,116.37470800000001,39.854229
879,880,70461,116.41185300000001,39.974368
1871,1872,64390,116.403631,39.869863
2071,2072,71527,116.37267,39.851088
606,607,67356,116.44637,39.959496
820,821,82953,116.322845,40.035467
317,318,79142,116.404579,39.978491
929,930,84798,116.340034,39.885855
217,218,44376,116.32260900000001,40.082706
1283,1284,85368,116.35413700000001,39.88835
2762,2763,69652,116.480024,39.944528999999996
1050,1051,105220,116.309252,39.977841999999995
1343,1344,61356,116.70323700000002,39.939938
556,557,90260,116.435751,39.902151
216,217,46770,116.323633,40.084686
1660,1661,51933,116.65472700000001,39.89598
2505,2506,75113,116.482018,40.004978
2680,2681,55707,116.395003,39.856592
1516,1517,48996,116.36321699999999,40.082639
1496,1497,70276,116.37602700000001,39.843728999999996
2706,2707,58001,116.451194,39.854478
231,232,45774,116.23898999999999,40.216972999999996
555,556,51220,116.233915,39.8972
825,826,51062,116.561668,39.928981
27,28,94578,116.46353899999998,39.987790999999994
2025,2026,38903,116.43934099999998,40.082372
638,639,53220,116.43056200000001,40.045549
2157,2158,42871,116.119651,39.934504
2298,2299,53873,116.26083700000001,39.873276000000004
1568,1569,53247,116.59946799999999,39.935619
2710,2711,39425,116.60001899999999,40.057533
968,969,67538,116.380393,39.843844
198,199,111276,116.320453,40.039032
535,536,42640,116.349005,40.079347
917,918,43415,116.364975,40.073376
2583,2584,50487,116.353424,40.090961
2879,2880,46301,116.331446,40.085293
538,539,100932,116.376871,39.963076
802,803,51050,116.639467,39.904485
2643,2644,52546,116.527974,39.895003
86,87,43776,116.33863899999999,40.079333
2645,2646,54231,116.440459,39.858115999999995
976,977,41474,116.43268400000001,40.077562
194,195,84936,116.35958799999999,39.970768
2812,2813,110092,116.408184,39.953334000000005
1991,1992,89761,116.321095,39.946957
804,805,66413,116.348101,40.040414
1682,1683,100000,116.417395,39.981069
854,855,50721,116.24294499999999,40.215684
528,529,89961,116.46353899999998,39.987790999999994
1561,1562,132784,116.379101,39.895125
2255,2256,99653,116.34224099999999,40.038962
2766,2767,64972,116.34698799999998,40.035114
525,526,78522,116.489254,40.006445
2663,2664,61075,116.38901499999999,39.844965
187,188,45084,116.33548400000001,40.09232
2414,2415,78419,116.418802,40.010659000000004
443,444,95939,116.400701,39.972998
1417,1418,74517,116.482018,40.004978
502,503,58453,116.60995700000001,39.91983
385,386,39592,116.550348,39.755625
1233,1234,38366,116.42929199999999,40.111125
2143,2144,57275,116.42262099999999,40.03926
1747,1748,85430,116.33703200000001,39.889790000000005
1328,1329,63212,116.704315,39.92475
791,792,57967,116.314318,39.855359
2692,2693,92814,116.41969099999999,40.039891
2192,2193,120391,116.397604,39.878765
207,208,89489,116.49983,39.94453
1744,1745,48148,116.66521399999999,39.886063
2049,2050,38426,116.67383400000001,40.116557
1545,1546,58025,116.638919,39.900576
2087,2088,71813,116.51306299999999,39.937121000000005
1195,1196,37577,116.550348,39.755625
1733,1734,59563,116.277126,39.897751
1900,1901,102230,116.34371399999999,39.996907
945,946,66254,116.43056200000001,40.045549
1862,1863,114701,116.43561100000001,39.948432000000004
1450,1451,69463,116.320895,40.061583
156,157,41239,116.43268400000001,40.077562
519,520,58022,116.62150700000001,39.933755
872,873,41584,116.37456200000001,40.09134
2818,2819,55351,116.658326,39.907069
435,436,43387,116.41786599999999,40.134243
1717,1718,56469,116.679562,39.895417
2896,2897,77901,116.471849,39.89331
888,889,102988,116.43286200000001,39.948968
1204,1205,54951,116.48529599999999,39.991732
484,485,54368,116.483888,40.004498999999996
1436,1437,89902,116.340034,39.885855
1946,1947,68108,116.42928899999998,40.040731
758,759,62907,116.461699,39.887384000000004
197,198,53095,116.22863899999999,39.907678000000004
2668,2669,62330,116.504579,39.795716
1305,1306,60484,116.458721,39.817347
1868,1869,81883,116.442298,39.970551
2359,2360,88424,116.36170700000001,39.955053
2468,2469,67592,116.433365,40.048629
1452,1453,106272,116.36001599999999,39.939659000000006
553,554,84894,116.40568799999998,39.957685999999995
1998,1999,39191,116.122354,39.937384
2406,2407,97483,116.464603,39.905054
112,113,76451,116.485616,40.006096
847,848,68589,116.344224,39.881161
2453,2454,69623,116.48175800000001,40.000832
2267,2268,48452,116.197167,39.935324
762,763,68210,116.45320600000001,39.965662
1319,1320,93334,116.34224099999999,40.038962
1477,1478,47849,116.175676,39.932521
2144,2145,46490,116.566325,39.914057
1974,1975,52374,116.399702,39.848513
209,210,107023,116.310955,39.937801
975,976,61747,116.36436499999999,40.069487
1071,1072,78270,116.382525,40.005332
2280,2281,80146,116.485616,40.006096
144,145,37527,116.43942,40.072066
58,59,30347,116.445996,40.069568
954,955,83471,116.29640800000001,40.039756
800,801,71445,116.493655,39.905367
567,568,59363,116.51407900000001,39.873141
2444,2445,63095,116.35335,39.875617999999996
1409,1410,26967,116.84297099999999,39.957012
2266,2267,39455,116.24553799999998,40.220033
2775,2776,65342,116.51291599999999,39.966511
2629,2630,78217,116.45518799999999,39.979036
2076,2077,36664,116.415742,40.077796
1161,1162,27385,116.85037,39.963617
595,596,46416,116.36321699999999,40.082639
1878,1879,83013,116.39021299999999,39.989129
2063,2064,70291,116.32283999999999,39.882471
2179,2180,47025,116.661047,39.932185
2394,2395,38260,116.40456100000002,39.848711
141,142,75125,116.368508,39.955767
96,97,99781,116.316672,39.98346
421,422,35209,116.26654099999999,40.227012
1644,1645,42007,116.67940700000001,39.937519
754,755,67588,116.42537,40.052808
883,884,74091,116.51158999999998,39.903448
575,576,80773,116.435758,39.930640999999994
2389,2390,56157,116.388821,39.846982000000004
122,123,52950,116.661469,39.930659999999996
2304,2305,60362,116.712033,39.925108
2550,2551,66347,116.39192800000001,39.849173
637,638,88198,116.311843,39.949121000000005
1842,1843,54241,116.330198,40.074228000000005
1157,1158,97842,116.302079,39.915335999999996
1683,1684,50552,116.674053,39.882658
580,581,53254,116.386742,39.845372999999995
1126,1127,84394,116.41886299999999,40.033442
2177,2178,70492,116.409861,40.042394
179,180,41672,116.414419,40.053455
273,274,133919,116.45130900000001,39.979002
615,616,68811,116.37555,40.042102
236,237,37420,116.670101,40.118728999999995
2020,2021,75708,116.442929,40.06296
900,901,47463,116.425304,40.112553000000005
295,296,80297,116.422403,39.987660999999996
915,916,51478,116.285444,39.9002
307,308,128350,116.387037,39.95917
309,310,85789,116.461153,39.994177
1020,1021,46223,116.33404499999999,39.757413
1377,1378,61313,116.45648,39.878721999999996
1399,1400,58948,116.43438799999998,40.0451
2342,2343,100048,116.37163799999999,39.885409
2527,2528,35656,116.676119,39.875612
699,700,35276,116.43547099999999,40.109315
351,352,53110,116.55536799999999,40.113521
2603,2604,94895,116.48537900000001,40.009067
783,784,84906,116.35716799999999,39.973031
906,907,39339,116.373628,40.094838
2251,2252,56240,116.589955,39.920154
1997,1998,45930,116.33548400000001,40.09232
2022,2023,48566,116.70811,39.888054
1257,1258,71661,116.292014,39.928693
2481,2482,85069,116.34723999999999,39.896217
2305,2306,68570,116.51793700000002,39.915593
298,299,34577,116.415742,40.077796
1119,1120,50411,116.386555,40.0865
548,549,81944,116.442298,39.970551
2443,2444,53688,116.67199099999999,39.887056
592,593,73256,116.369672,40.021
914,915,40747,116.559909,39.925896
2436,2437,53982,116.43056200000001,40.045549
285,286,53950,116.65133,39.892675
985,986,43272,116.43934099999998,40.082372
1118,1119,79165,116.47692099999999,39.983744
2708,2709,53637,116.56021499999999,40.093
859,860,52158,116.298181,39.851185
1085,1086,55703,116.55499099999999,40.116654
274,275,60458,116.647356,39.896263
1285,1286,110294,116.443175,39.941889
1268,1269,80613,116.35471299999999,40.02098
522,523,89633,116.48537900000001,40.009067
2088,2089,29272,116.632377,40.033796
1941,1942,39069,116.670101,40.118728999999995
1371,1372,82038,116.360836,40.005728000000005
1745,1746,91642,116.376871,39.963076
310,311,50757,116.676119,39.875612
1148,1149,110619,116.46549099999999,39.901678000000004
2642,2643,77729,116.437025,40.059329
366,367,65147,116.39684399999999,39.872512
2761,2762,89581,116.389228,39.988818
570,571,41467,116.40231299999999,40.109772
2279,2280,94515,116.44366000000001,39.903303
2190,2191,95468,116.37971100000001,40.017883000000005
2355,2356,104167,116.329472,39.977829
1788,1789,100058,116.286484,39.936102000000005
2370,2371,40943,116.41678,40.071013
1490,1491,101389,116.309252,39.977841999999995
1212,1213,63293,116.27292800000001,39.885267
1445,1446,106173,116.38999,39.888259999999995
181,182,56537,116.66208799999998,39.893938
2410,2411,85502,116.484696,39.903711
64,65,52589,116.678048,39.933473
449,450,50558,116.63993400000001,39.908698
1237,1238,58537,116.41963200000001,40.049246999999994
2354,2355,80676,116.422298,39.872639
1802,1803,78534,116.47986999999999,39.995032
853,854,43729,116.434145,39.863841
608,609,38784,116.26654099999999,40.227012
824,825,77173,116.28549,39.944499
838,839,60279,116.421209,40.046624
1306,1307,93638,116.476447,39.903804
1936,1937,104290,116.29008200000001,39.966788
389,390,35647,116.431552,40.082903
178,179,43426,116.42376000000002,40.0514
761,762,62176,116.530553,39.921425
1987,1988,93354,116.328627,39.979037
1379,1380,30428,116.780446,39.987782
2050,2051,56364,116.504397,39.92941
2374,2375,67909,116.24700800000001,39.906426
481,482,73654,116.286376,39.959534999999995
1351,1352,57585,116.53908899999999,39.967852
1267,1268,68938,116.34698799999998,40.035114
841,842,43478,116.340929,39.82227
370,371,70936,116.481447,39.937145
3,4,93696,116.376015,40.018207000000004
454,455,47393,116.65808200000001,39.92439
1051,1052,81452,116.52331699999999,39.933208
1616,1617,61643,116.518451,39.924009999999996
944,945,54816,116.40635,40.052459000000006
1077,1078,39161,116.12215,39.932268
2319,2320,87400,116.35931599999999,39.882762
2682,2683,72576,116.45150600000001,39.972611
259,260,53689,116.31803500000001,39.857355
1322,1323,44393,116.425304,40.112553000000005
1653,1654,24963,116.78306699999999,39.974940000000004
1724,1725,54827,116.31803500000001,39.857355
1779,1780,75043,116.36521,39.953911
1426,1427,73782,116.34698799999998,40.035114
1737,1738,44328,116.246374,39.844724
947,948,39749,116.119651,39.934504
1958,1959,84593,116.433989,39.973135
1096,1097,45541,116.45278200000001,39.812197999999995
1448,1449,45416,116.58891299999999,39.922146000000005
2805,2806,64953,116.47193100000001,40.008739
812,813,45289,116.651427,39.902087
1964,1965,74808,116.28740800000001,39.906807
68,69,50339,116.33548400000001,40.09232
289,290,41398,116.372841,40.080110999999995
941,942,58282,116.43438799999998,40.0451
591,592,104218,116.34828200000001,39.892777
2581,2582,91314,116.365812,39.960581
1652,1653,52613,116.67199099999999,39.887056
1527,1528,54664,116.640671,39.901841999999995
2194,2195,88299,116.46353899999998,39.987790999999994
2741,2742,67922,116.56471599999999,39.919152000000004
2077,2078,55591,116.43273400000001,39.859452000000005
2321,2322,77413,116.270882,39.932076
2859,2860,59257,116.330198,40.074228000000005
764,765,50579,116.653848,39.905232
1749,1750,40663,116.445996,40.069568
303,304,98878,116.49003200000001,39.993487
1769,1770,94383,116.464603,39.905054
249,250,37819,116.11266499999999,39.952690000000004
582,583,45525,116.43942,40.072066
1984,1985,70148,116.463907,40.007017
379,380,76492,116.41268899999999,39.867798
2707,2708,57326,116.399845,39.847402
2688,2689,62069,116.369206,39.856287
2018,2019,98361,116.265725,40.057734
1909,1910,59646,116.698085,39.900316
2098,2099,56954,116.694847,39.921775
2294,2295,87063,116.365812,39.960581
2006,2007,39554,116.43934099999998,40.082372
2829,2830,44496,116.339646,39.800703999999996
2777,2778,91028,116.46353899999998,39.987790999999994
380,381,38947,116.670101,40.118728999999995
1753,1754,41050,116.33851899999999,39.789061
1989,1990,65094,116.441442,39.875518
1574,1575,74438,116.390064,40.007825
2030,2031,134995,116.384092,39.96456
631,632,41967,116.119651,39.934504
331,332,80488,116.286376,39.959534999999995
1384,1385,50307,116.330198,40.074228000000005
140,141,48296,116.694847,39.921775
1276,1277,54207,116.34175900000001,39.755588
1049,1050,65733,116.332045,40.081334000000005
503,504,46304,116.338225,40.08248
1022,1023,28330,116.798268,39.963419
2204,2205,113787,116.44335500000001,39.90268
2488,2489,81076,116.317277,40.062967
2900,2901,90509,116.34837900000001,39.898284000000004
188,189,46393,116.35699,40.093976
432,433,73929,116.427825,40.046803999999995
869,870,30345,116.174718,39.774367
8,9,57644,116.488479,39.993976
2754,2755,124209,116.41796200000002,39.949228000000005
1481,1482,61898,116.46365300000001,39.883736999999996
1760,1761,34792,116.23511200000002,40.219543
1143,1144,62564,116.503578,39.961828999999994
1767,1768,66015,116.28323200000001,39.888903000000006
1214,1215,44660,116.11840900000001,39.937888
1301,1302,45278,116.568799,39.853078000000004
2425,2426,94016,116.288109,39.962084000000004
844,845,33877,116.416156,40.082584999999995
455,456,47158,116.44344299999999,39.871164
639,640,57274,116.42537,40.052808
2849,2850,67778,116.45308600000001,39.898396999999996
526,527,52618,116.59946799999999,39.935619
369,370,41414,116.55471499999999,40.107876
2592,2593,57580,116.568799,39.853078000000004
1307,1308,84400,116.43286200000001,39.948968
2819,2820,42949,116.636774,39.918867
123,124,85443,116.271746,40.058040000000005
2724,2725,44168,116.24790700000001,39.839983000000004
345,346,96537,116.373534,39.987628
246,247,57895,116.330198,40.074228000000005
12,13,31903,116.415742,40.077796
2205,2206,89501,116.343001,39.964408
780,781,40949,116.416156,40.082584999999995
1167,1168,44724,116.416156,40.082584999999995
1482,1483,65178,116.477203,39.900109
895,896,23256,116.41917,40.124757
42,43,44764,116.111318,39.949921
2315,2316,76501,116.45005800000001,39.870707
776,777,96931,116.38260600000001,39.983696
1165,1166,37306,116.431552,40.082903
1397,1398,60572,116.51291599999999,39.966511
2089,2090,68030,116.51306299999999,39.937121000000005
843,844,87488,116.46353899999998,39.987790999999994
262,263,66966,116.504655,39.965482
756,757,77357,116.379998,40.040559
2794,2795,53030,116.43824099999999,39.85067
182,183,96257,116.34828200000001,39.892777
2753,2754,40176,116.649455,40.141789
242,243,90848,116.40926599999999,40.003413
2393,2394,85568,116.441781,39.991956
746,747,39867,116.10172,39.959709000000004
2635,2636,49900,116.339882,39.82826
974,975,52441,116.44578500000001,40.077726
446,447,47408,116.651427,39.902087
1865,1866,27774,116.85037,39.963617
152,153,70852,116.343598,39.983678999999995
926,927,59172,116.421985,40.058455
81,82,64355,116.47193100000001,40.008739
650,651,67925,116.36036899999999,39.847511
35,36,63120,116.47206399999999,39.887679999999996
1841,1842,29605,116.419752,40.135608000000005
2833,2834,53495,116.66208799999998,39.893938
831,832,51546,116.670345,39.912244
2231,2232,52936,116.229624,39.915003999999996
1449,1450,138047,116.345483,39.920877000000004
2442,2443,66122,116.337135,40.044990999999996
1840,1841,69506,116.47068300000001,39.87738
2770,2771,38186,116.649091,40.144304999999996
1731,1732,63140,116.47076399999999,39.898824
2158,2159,45239,116.698085,39.900316
2019,2020,79307,116.375054,40.018311
1646,1647,85929,116.52013000000001,39.936383
1783,1784,75117,116.386145,39.998849
293,294,77019,116.264969,39.927867
2012,2013,89830,116.455099,39.978117
343,344,69120,116.51158999999998,39.903448
2420,2421,99897,116.259844,39.912414
2391,2392,70935,116.472178,39.940931
2064,2065,97902,116.35984099999999,39.962265
2574,2575,39221,116.42673400000001,40.066064000000004
1595,1596,48637,116.68595900000001,39.937078
1877,1878,89577,116.35436899999999,39.978114
2073,2074,44045,116.32803500000001,40.078668
2323,2324,55340,116.42058999999999,40.038368
816,817,69693,116.552177,39.970849
737,738,80875,116.46718200000001,40.014312
106,107,40898,116.104623,39.939443
605,606,90439,116.31478700000001,39.981606
2428,2429,61338,116.31696299999999,40.056306
1330,1331,35595,116.274354,40.170887
1463,1464,50412,116.215271,39.948869
889,890,55706,116.36247,39.850685
439,440,69845,116.51158999999998,39.903448
2375,2376,32150,116.415742,40.077796
2396,2397,114068,116.35343400000001,39.940290999999995
1385,1386,60790,116.330198,40.074228000000005
939,940,32527,116.416156,40.082584999999995
1692,1693,84615,116.345863,39.877035
1101,1102,77018,116.493655,39.905367
25,26,70483,116.43616899999999,40.001247
1548,1549,62148,116.498241,39.971858000000005
1856,1857,51796,116.35699,40.093976
2456,2457,51456,116.372841,40.080110999999995
886,887,66949,116.37524599999999,40.044621
770,771,89934,116.308348,39.917866
2511,2512,54043,116.58965800000001,39.925265
45,46,62079,116.50443200000001,39.960357
1603,1604,85443,116.476447,39.903804
1218,1219,94689,116.265725,40.057734
2404,2405,58812,116.694847,39.921775
1133,1134,49041,116.200397,39.923984999999995
1434,1435,68180,116.508983,39.871912
2039,2040,63552,116.384155,40.070139000000005
1867,1868,83044,116.420546,39.997876
1155,1156,81788,116.42244099999999,40.006907
1091,1092,46305,116.56016799999999,40.110054
2793,2794,96061,116.44905,39.903129
2151,2152,86957,116.34125700000001,39.980569
2508,2509,112100,116.362351,39.925
905,906,39483,116.431552,40.082903
1010,1011,66802,116.36036899999999,39.847511
1913,1914,83333,116.44318200000001,39.990399
589,590,55829,116.638919,39.900576
675,676,122249,116.35574299999999,39.923029
353,354,37334,116.43942,40.072066
658,659,41282,116.115366,39.914611
434,435,52398,116.188426,39.935915
1983,1984,86085,116.31363999999999,39.987352
483,484,101604,116.340103,39.98
2633,2634,67240,116.482018,40.004978
1850,1851,65020,116.38901499999999,39.844965
858,859,105660,116.372042,39.884188
2510,2511,95819,116.35436899999999,39.978114
2117,2118,69124,116.35419099999999,40.035178
62,63,46253,116.309045,40.083071999999994
14,15,52079,116.34663,40.096608
741,742,39952,116.698085,39.900316
1834,1835,45173,116.279545,40.144739
2853,2854,72242,116.24700800000001,39.906426
2219,2220,88391,116.41123400000001,39.976721999999995
488,489,31646,116.415742,40.077796
2121,2122,40348,116.639972,39.882381
2292,2293,68807,116.521774,39.94004
1219,1220,64652,116.47551499999999,40.008231
2026,2027,86791,116.39091100000002,39.884464
2759,2760,40634,116.274354,40.170887
562,563,85336,116.344999,39.9852
120,121,82223,116.404579,39.978491
1995,1996,51265,116.481385,39.874867
2362,2363,40397,116.659297,40.14532
1954,1955,49603,116.22863899999999,39.907678000000004
2328,2329,69494,116.36713700000001,40.040209000000004
109,110,77048,116.419299,39.99709
2563,2564,59406,116.70846599999999,39.925012
1213,1214,54040,116.330198,40.074228000000005
2082,2083,88903,116.40926599999999,40.003413
2473,2474,115095,116.490651,39.895343
2469,2470,67043,116.34446899999999,40.037023
2454,2455,80977,116.409805,39.969951
2732,2733,33588,116.29845900000001,39.785761
2053,2054,69556,116.34431399999998,40.034975
2822,2823,37702,116.15460800000001,39.726495
674,675,38462,116.44578500000001,40.077726
2299,2300,65780,116.518451,39.924009999999996
784,785,54145,116.433365,40.048629
1748,1749,55216,116.330198,40.074228000000005
1563,1564,84877,116.369739,39.960024
2780,2781,51878,116.42961799999999,40.0507
1186,1187,51282,116.653691,39.903236
2720,2721,52114,116.698085,39.900316
1541,1542,57656,116.43876200000001,39.854215
306,307,45623,116.331446,40.085293
2893,2894,108552,116.37079299999999,39.899434
962,963,53171,116.200506,39.938676
2288,2289,63947,116.487649,39.985143
1636,1637,48816,116.402983,39.859787
1885,1886,82176,116.378925,39.84505
955,956,92490,116.357301,40.011499
1440,1441,66362,116.471849,39.89331
2864,2865,98644,116.371187,40.00245
2229,2230,52842,116.697005,39.925858000000005
1917,1918,35142,116.415742,40.077796
2489,2490,128196,116.30635900000001,39.9679
1180,1181,99191,116.428467,39.902511
1920,1921,51476,116.42961799999999,40.0507
1094,1095,148148,116.384103,39.972885
868,869,36227,116.42673400000001,40.066064000000004
1846,1847,65808,116.467922,39.993105
708,709,59194,116.45123899999999,39.960643
1937,1938,54137,116.315096,39.857138
2494,2495,51891,116.55656699999999,39.952006
119,120,78363,116.52013000000001,39.936383
2403,2404,53261,116.534997,39.928559
1362,1363,38390,116.655693,40.180093
1999,2000,65123,116.170097,40.073984
2225,2226,73271,116.421876,40.008585
2528,2529,39424,116.659297,40.14532
342,343,67199,116.28740800000001,39.906807
1220,1221,82763,116.433356,40.005811
1239,1240,50154,116.645523,39.893536
1365,1366,46595,116.404744,39.819538
2764,2765,89457,116.35571999999999,40.01918
1160,1161,74726,116.256428,39.873315000000005
1303,1304,20702,116.424846,40.1565
2332,2333,54532,116.43438799999998,40.0451
2719,2720,39869,116.683117,40.127185
2211,2212,38372,116.423882,40.122853000000006
2735,2736,72155,116.501958,39.882585999999996
469,470,90310,116.347797,39.976432
22,23,51479,116.648674,39.899289
228,229,37079,116.42350400000001,40.083027
2023,2024,105628,116.469248,40.012772999999996
2358,2359,110000,116.35403600000001,39.890734
506,507,72612,116.46587099999999,40.007369
2835,2836,44444,116.56038899999999,40.094933000000005
778,779,58105,116.681628,39.934532
1314,1315,49905,116.651427,39.902087
378,379,65042,116.46253600000001,39.996423
1090,1091,76897,116.368256,39.894737
2206,2207,35912,116.659297,40.14532
248,249,61917,116.37794199999999,39.847498
1642,1643,31181,116.832748,39.962134999999996
2722,2723,46931,116.342551,39.751134
2217,2218,38890,116.347998,40.087773
718,719,85218,116.49276699999999,39.998248
1973,1974,82237,116.287719,39.931907
2734,2735,77355,116.382525,40.005332
935,936,75109,116.411493,40.000186
1875,1876,27973,116.85037,39.963617
903,904,84877,116.343898,39.995983
1824,1825,134995,116.34411599999999,39.921551
829,830,27250,116.44438999999998,40.093691
1135,1136,50549,116.20383000000001,39.925938
1225,1226,59717,116.351541,40.07117
624,625,119134,116.34688,39.912912
2522,2523,80745,116.345863,39.877035
1526,1527,30727,116.43942,40.072066
2003,2004,45284,116.349005,40.079347
972,973,95886,116.37913,39.887761
1324,1325,66537,116.51291599999999,39.966511
2889,2890,80125,116.372382,39.958962
270,271,55986,116.511679,39.923959
2124,2125,60348,116.482018,40.004978
2038,2039,30272,116.170695,39.773701
1290,1291,75188,116.30249199999999,39.893778000000005
316,317,77882,116.318374,39.971443
2093,2094,44546,116.49959199999999,39.80855
938,939,81801,116.49299099999999,40.000253
1174,1175,70883,116.319276,40.063328999999996
1394,1395,100810,116.469248,40.012772999999996
1528,1529,69035,116.422099,40.050196
2897,2898,88670,116.364694,39.987093
1763,1764,59907,116.43438799999998,40.0451
2308,2309,32007,116.780446,39.987782
1697,1698,59059,116.421401,40.034126
1549,1550,39583,116.55819199999999,40.162583000000005
2034,2035,75295,116.35288200000001,40.05023
1790,1791,64834,116.377133,39.853516
2556,2557,41219,116.66001299999999,40.147758
1196,1197,96663,116.34828200000001,39.892777
1169,1170,84615,116.449403,39.900818
1843,1844,102321,116.347797,39.976432
474,475,92916,116.445751,39.903760999999996
1312,1313,27709,116.798268,39.963419
1611,1612,50366,116.57853200000001,39.928987
497,498,41071,116.116153,39.913779999999996
1725,1726,106184,116.34828200000001,39.892777
1432,1433,45229,116.46064299999999,39.806976
2337,2338,58278,116.488974,39.807864
330,331,102571,116.305645,39.939333000000005
2887,2888,58807,116.520858,39.918846
973,974,59052,116.47027299999999,39.883941
485,486,76414,116.420546,39.997876
2052,2053,66035,116.47638,39.875690999999996
355,356,64356,116.59891100000002,39.932527
350,351,46635,116.172299,39.931943
2771,2772,35059,116.35356100000001,39.768357
2503,2504,33926,116.42929199999999,40.111125
4,5,40152,116.338225,40.08248
2690,2691,40690,116.43268400000001,40.077562
826,827,18937,116.155592,39.756415000000004
1364,1365,52248,116.446891,39.860543
1189,1190,69851,116.51318799999999,39.934977
2809,2810,67532,116.518854,39.939588
899,900,113139,116.39428799999999,39.972468
1558,1559,59015,116.509699,39.937474
2356,2357,78500,116.291354,39.933054
2703,2704,48328,116.330198,40.074228000000005
2768,2769,42265,116.43268400000001,40.077562
2092,2093,73882,116.45053,39.874376
2116,2117,31539,116.82828700000002,39.970903
363,364,91549,116.49003200000001,39.993487
1755,1756,45181,116.57853200000001,39.928987
1560,1561,57007,116.47206399999999,39.887679999999996
989,990,51181,116.66521399999999,39.886063
467,468,22003,116.16421399999999,39.728157
2324,2325,82143,116.469306,39.997106
336,337,68214,116.24700800000001,39.906426
1718,1719,78215,116.518849,39.931002
1971,1972,75637,116.446047,39.964131
2858,2859,57043,116.330198,40.074228000000005
863,864,50478,116.47369499999999,39.876155
2256,2257,57731,116.43056200000001,40.045549
10,11,55824,116.333726,39.763334
958,959,50904,116.651427,39.902087
2696,2697,36944,116.44893700000002,39.809509999999996
663,664,30590,116.43934099999998,40.082372
169,170,37719,116.347998,40.087773
2385,2386,53505,116.325341,39.781506
834,835,53594,116.697277,39.896649
2565,2566,48672,116.652755,39.921309
2378,2379,39899,116.332651,40.072033000000005
794,795,44286,116.247075,39.840984999999996
341,342,65421,116.501958,39.882585999999996
257,258,56503,116.59891100000002,39.932527
1207,1208,79900,116.380817,40.038540999999995
2846,2847,37086,116.65029399999999,39.934305
477,478,54107,116.419296,39.853260999999996
2788,2789,63156,116.39001299999998,39.839669
2432,2433,58343,116.43056200000001,40.045549
539,540,80752,116.46377700000001,39.959726
1772,1773,96989,116.35353899999998,39.979585
2529,2530,39015,116.445996,40.069568
294,295,54313,116.51141899999999,39.981871999999996
2518,2519,63071,116.362306,40.035119
552,553,74711,116.51313700000001,39.978272
1774,1775,38567,116.670101,40.118728999999995
1736,1737,29997,116.806257,39.980086
728,729,67482,116.35419099999999,40.035178
2817,2818,62617,116.36729299999999,40.043059
1337,1338,64725,116.444565,39.853072
1658,1659,47887,116.527974,39.895003
934,935,54863,116.315096,39.857138
819,820,71973,116.441781,39.991956
1585,1586,77339,116.493655,39.905367
1041,1042,52697,116.70063200000001,39.914747
878,879,64017,116.30850500000001,39.839489
2801,2802,46464,116.65468200000001,40.125799
1609,1610,90676,116.32556899999999,40.034890999999995
2215,2216,109031,116.30506299999999,39.91533
101,102,73665,116.298566,39.928982
646,647,123059,116.37251299999998,39.928442
996,997,86739,116.37181499999998,40.022013
2630,2631,95299,116.298736,39.934527
2564,2565,34580,116.141453,39.739637
2763,2764,64821,116.42537,40.052808
809,810,76633,116.476868,40.012847
1006,1007,64322,116.416572,40.063190999999996
2611,2612,51927,116.566589,39.852939
1302,1303,35943,116.170695,39.773701
2814,2815,35209,116.693092,40.123469
2100,2101,49712,116.68638899999999,39.907824
151,152,47008,116.16114099999999,39.932229
2111,2112,70287,116.312853,39.951494
1812,1813,46087,116.43942,40.072066
862,863,92266,116.308748,39.993109000000004
1332,1333,48031,116.338916,39.731149
395,396,46400,116.35699,40.093976
2413,2414,100050,116.28828700000001,39.968979
2430,2431,45626,116.325341,39.781506
1001,1002,54827,116.466526,39.806206
1804,1805,118989,116.34371399999999,39.996907
799,800,87692,116.404579,39.978491
540,541,99522,116.30506299999999,39.91533
2232,2233,31737,116.85037,39.963617
1395,1396,89245,116.463876,40.001253000000005
2214,2215,62340,116.39135300000001,39.99299
1177,1178,36789,116.354548,39.733154
93,94,40858,116.43268400000001,40.077562
362,363,57880,116.464542,39.994386
1860,1861,42952,116.66703799999999,39.942451
1830,1831,93056,116.417203,39.966190999999995
359,360,70588,116.461949,40.003018
2767,2768,27569,116.421727,40.130641
640,641,100000,116.30506299999999,39.91533
2497,2498,65324,116.704315,39.92475
1344,1345,57286,116.466526,39.806206
386,387,57667,116.29178799999998,39.855182
414,415,66964,116.498731,39.918076
1572,1573,69703,116.325617,40.049465999999995
2808,2809,48886,116.645523,39.893536
1614,1615,45771,116.117724,39.941152
1894,1895,44242,116.331607,39.777363
2830,2831,107895,116.324868,39.934263
1222,1223,64700,116.38878600000001,39.857338
2240,2241,53143,116.55656699999999,39.952006
2602,2603,49398,116.564081,39.867532000000004
1677,1678,98985,116.471006,40.016871
1511,1512,57471,116.57249099999999,39.853078000000004
1073,1074,111118,116.289102,39.923448
723,724,105746,116.37726200000002,39.883712
982,983,57838,116.221549,39.905466
1410,1411,111111,116.320453,40.039032
1264,1265,47440,116.34368700000002,40.08052
2580,2581,81305,116.503478,39.917946
1327,1328,30409,116.157751,39.76331
148,149,74012,116.446371,39.964132
1209,1210,95446,116.42006,39.977212
1502,1503,48276,116.587018,39.912749
2447,2448,86002,116.30313000000001,39.950488
1197,1198,51191,116.58516100000001,39.87005
1521,1522,70495,116.521774,39.94004
742,743,59543,116.50179399999999,39.799347
1671,1672,104294,116.491708,40.003156
660,661,88068,116.258665,39.906687
932,933,51373,116.65150600000001,39.895875
1252,1253,92973,116.472797,39.99757
2273,2274,86153,116.529205,39.926332
890,891,99864,116.36023300000001,39.959115999999995
1422,1423,92373,116.333303,39.974734000000005
736,737,66250,116.372925,39.839312
265,266,85002,116.471754,40.02946
1507,1508,44621,116.3434,40.083321999999995
1141,1142,62361,116.58468,39.935758
2598,2599,73260,116.45669699999999,39.922284000000005
305,306,27930,116.134573,39.746639
613,614,61275,116.387828,39.852874
1915,1916,56424,116.315445,40.074203000000004
1848,1849,45691,116.659218,40.128885
327,328,40951,116.43934099999998,40.082372
2875,2876,45076,116.3434,40.083321999999995
468,469,43276,116.58891299999999,39.922146000000005
2533,2534,30793,116.43934099999998,40.082372
2712,2713,54703,116.527898,39.920581
705,706,55724,116.70063200000001,39.914747
534,535,67849,116.506351,39.966184999999996
1933,1934,96288,116.40968799999999,39.958188
1017,1018,68421,116.576406,39.861999
462,463,43929,116.23423700000001,39.910707
697,698,44764,116.33851899999999,39.789061
1765,1766,38400,116.655693,40.180093
80,81,71329,116.41916200000001,40.031546
1914,1915,43130,116.357702,39.797657
2616,2617,53134,116.410743,39.821558
499,500,39721,116.38138000000001,40.092631
2036,2037,77617,116.38261399999999,39.986484000000004
1892,1893,119863,116.300248,39.924355
2659,2660,46621,116.372672,39.874481
1649,1650,49496,116.43484299999999,39.812079
1215,1216,59463,116.369206,39.856287
1136,1137,46524,116.58965800000001,39.925265
1701,1702,30612,116.43547099999999,40.109315
13,14,41645,116.332045,40.081334000000005
505,506,45262,116.332045,40.081334000000005
422,423,51901,116.67573300000001,39.880941
1102,1103,47695,116.311776,40.084907
146,147,52001,116.379856,40.085112
1719,1720,58960,116.330198,40.074228000000005
1702,1703,44298,116.237066,40.223053
1190,1191,63802,116.43616899999999,40.001247
163,164,49445,116.639467,39.904485
401,402,94135,116.271746,40.058040000000005
453,454,48392,116.697005,39.925858000000005
2857,2858,58547,116.314318,39.855359
1679,1680,37075,116.63993400000001,39.908698
1018,1019,24992,116.340938,39.76265
1294,1295,74970,116.34723999999999,39.896217
2417,2418,73846,116.359909,39.896558
1185,1186,65729,116.24700800000001,39.906426
1320,1321,72597,116.51300900000001,39.936277000000004
1695,1696,43632,116.415742,40.077796
680,681,53697,116.534997,39.928559
2195,2196,65561,116.40256699999999,39.869745
1473,1474,84656,116.463876,40.001253000000005
20,21,25232,116.650438,39.920818
2806,2807,56923,116.330198,40.074228000000005
983,984,46921,116.386555,40.0865
2169,2170,58670,116.30850500000001,39.839489
2090,2091,73951,116.41926799999999,39.984913
1411,1412,34226,116.639972,39.882381
603,604,41373,116.341153,39.734778999999996
2899,2900,57223,116.473376,39.875384999999994
616,617,89286,116.33578700000001,39.907309000000005
1036,1037,58503,116.210647,39.939312
1601,1602,114637,116.406466,39.957716
2259,2260,64326,116.50403999999999,39.814896000000005
670,671,34999,116.227892,39.780755
2218,2219,48965,116.328915,40.088074
2852,2853,118386,116.43286200000001,39.948968
2549,2550,86273,116.398206,39.979381
2416,2417,85042,116.38024899999999,40.00708
732,733,81505,116.31594299999999,40.060937
1485,1486,49213,116.568799,39.853078000000004
390,391,74252,116.459197,39.967298
2170,2171,73248,116.45464399999999,39.956012
1271,1272,113052,116.437471,39.914258000000004
2183,2184,39585,116.261573,40.216539000000004
1721,1722,111007,116.376346,39.951025
2538,2539,140976,116.330345,39.984336
1519,1520,27433,116.431552,40.082903
299,300,24468,116.430012,40.066244
1852,1853,96036,116.45208000000001,39.904621999999996
2623,2624,41417,116.685452,39.94297
999,1000,43225,116.613895,39.894341
57,58,69256,116.473169,39.994603000000005
1670,1671,50239,116.41236299999998,40.049902
690,691,63024,116.530553,39.921425
129,130,55036,116.330198,40.074228000000005
1953,1954,50567,116.64629599999999,40.132553
946,947,52296,116.638829,39.905958
2171,2172,71755,116.37602700000001,39.843728999999996
1366,1367,59814,116.685667,39.925912
2769,2770,37556,116.385869,39.772399
850,851,60827,116.430848,39.869676
2029,2030,59328,116.441493,39.863696000000004
586,587,40410,116.22946,40.228274
164,165,47995,116.23536599999998,40.216037
2825,2826,57500,116.308663,39.839115
2490,2491,31568,116.134128,39.747177
2622,2623,46157,116.695201,39.934643
1097,1098,70501,116.35875,40.00962
1115,1116,67361,116.447278,39.852878999999994
1061,1062,41032,116.43268400000001,40.077562
1389,1390,56336,116.325341,39.781506
253,254,63733,116.380393,39.843844
1205,1206,139093,116.30565,39.971082
2531,2532,53043,116.636059,39.907157
1542,1543,74468,116.35491299999998,40.040671
1374,1375,40569,116.68046799999999,39.936884
2247,2248,57732,116.485616,40.006096
1287,1288,54286,116.19884099999999,39.929432
1687,1688,122699,116.34186299999999,39.953175
125,126,45448,116.312476,39.9505
56,57,111701,116.428303,39.929284
2016,2017,40870,116.629595,39.911506
2613,2614,74765,116.478715,39.916424
1777,1778,68418,116.46191200000001,39.998363
1142,1143,52853,116.325341,39.781506
339,340,62927,116.70063200000001,39.914747
2084,2085,52326,116.27554099999999,39.872886
1406,1407,61775,116.33533200000001,40.067075
2349,2350,105012,116.342295,40.002937
668,669,45328,116.655566,39.883931
2617,2618,84970,116.33838899999999,39.889219
2496,2497,88523,116.34404099999999,39.896394
2268,2269,60835,116.488534,39.875468
2810,2811,57917,116.209966,39.948741
2866,2867,33574,116.44578500000001,40.077726
2725,2726,78973,116.323629,39.885906
2135,2136,58101,116.51545700000001,40.029579
767,768,70125,116.352069,39.879651
103,104,48991,116.194258,39.936397
1191,1192,66855,116.58646499999999,39.918172
74,75,50377,116.42537,40.052808
987,988,50733,116.69336000000001,39.879708
1356,1357,48421,116.349167,39.742059000000005
995,996,48203,116.70625600000001,39.940934000000006
1680,1681,43992,116.42558400000001,39.864644
438,439,82091,116.35681699999999,40.007497
2880,2881,118280,116.35343400000001,39.940290999999995
1210,1211,76933,116.41611699999999,39.999631
2147,2148,56891,116.69653999999998,39.903388
2336,2337,80076,116.438506,39.967756
2429,2430,100548,116.48106999999999,39.902277000000005
2189,2190,108491,116.376015,40.018207000000004
977,978,72821,116.421876,40.008585
1342,1343,34307,116.416156,40.082584999999995
223,224,87108,116.47134799999999,39.90062
747,748,47497,116.65468200000001,40.125799
258,259,95407,116.469248,40.012772999999996
2196,2197,34556,116.174718,39.774367
1474,1475,58182,116.333514,39.797388
1638,1639,62316,116.47078400000001,39.933515
1304,1305,111042,116.292842,39.962205
275,276,58577,116.387828,39.852874
72,73,39616,116.431552,40.082903
952,953,54576,116.39192800000001,39.849173
2148,2149,31859,116.415742,40.077796
1348,1349,60886,116.477203,39.900109
1116,1117,57734,116.43088799999998,40.000522
1412,1413,59035,116.43056200000001,40.045549
1089,1090,51286,116.331827,39.770944
1355,1356,29272,116.632377,40.033796
2673,2674,62979,116.518854,39.939588
1172,1173,94770,116.471754,40.02946
1795,1796,59683,116.43438799999998,40.0451
1538,1539,100037,116.316672,39.98346
117,118,79031,116.458573,39.905491999999995
1149,1150,111278,116.433219,40.008653
1229,1230,59973,116.31256200000001,39.902260999999996
170,171,25599,116.85037,39.963617
1242,1243,57921,116.397236,39.864463
1750,1751,75985,116.45150600000001,39.972611
689,690,44928,116.42350400000001,40.083027
634,635,43115,116.42350400000001,40.083027
577,578,57333,116.25791399999999,39.897113
2562,2563,66445,116.30850500000001,39.839489
1961,1962,58480,116.43056200000001,40.045549
712,713,45437,116.659332,39.901631
1309,1310,26477,116.31998200000001,39.754822999999995
302,303,69438,116.22028300000001,40.043636
1367,1368,65210,116.444157,39.935984999999995
856,857,61586,116.475053,39.885225
44,45,49587,116.612765,39.905006
2480,2481,37534,116.659297,40.14532
1821,1822,96698,116.417993,39.970746999999996
2075,2076,28719,116.416156,40.082584999999995
2345,2346,69392,116.26462099999999,40.087404
461,462,36073,116.34455700000001,39.780149
1039,1040,79082,116.49276699999999,39.998248
1325,1326,41478,116.297022,39.788637
2091,2092,61598,116.530553,39.921425
1525,1526,116864,116.27108600000001,39.907928999999996
2739,2740,58487,116.58965800000001,39.925265
964,965,56449,116.304497,39.895431
1942,1943,36774,116.670101,40.118728999999995
654,655,46663,116.11840900000001,39.937888
1620,1621,49783,116.311776,40.084907
2252,2253,62189,116.51291599999999,39.966511
679,680,50428,116.679562,39.895417
516,517,51361,116.67954399999999,39.893065
1696,1697,77836,116.640671,39.901841999999995
509,510,79397,116.311774,39.942594
1074,1075,56952,116.372841,40.080110999999995
276,277,44448,116.629595,39.911506
2677,2678,27742,116.599448,40.048301
1771,1772,37977,116.36646699999999,39.798764
2044,2045,64799,116.39783899999999,39.868935
2033,2034,58643,116.464926,39.88896
2226,2227,40179,116.67383400000001,40.116557
1533,1534,78529,116.44528400000002,39.925343
1398,1399,76404,116.483671,39.895896
2731,2732,58750,116.26846,39.894934
388,389,81633,116.45139099999999,39.943064
2615,2616,77538,116.471849,39.89331
2465,2466,69674,116.478366,39.941392
397,398,67114,116.508983,39.871912
2000,2001,67284,116.482331,40.014156
1623,1624,38450,116.40231299999999,40.109772
375,376,51868,116.31696299999999,40.056306
1298,1299,90835,116.476447,39.903804
1880,1881,99233,116.486709,39.895879
2297,2298,49599,116.29670800000001,39.856361
1861,1862,116667,116.37618300000001,39.953459
1247,1248,58333,116.32803500000001,40.078668
1870,1871,55809,116.65810400000001,39.8932
2421,2422,111348,116.351624,39.889592
2301,2302,76378,116.493655,39.905367
2513,2514,82143,116.4515,39.904606
1044,1045,56267,116.250662,39.910338
29,30,81152,116.248549,39.93479
1823,1824,49375,116.6708,40.139004
709,710,63426,116.263038,39.926362
1110,1111,30504,116.415742,40.077796
1787,1788,53860,116.31531000000001,39.865675
2129,2130,56940,116.40403300000001,40.088654999999996
940,941,43644,116.331446,40.085293
2640,2641,110456,116.35251699999999,39.891585
511,512,81173,116.37316899999999,40.021846999999994
175,176,25000,116.85037,39.963617
1447,1448,80132,116.333451,39.907225
875,876,127137,116.30693000000001,39.970029
1349,1350,72281,116.493655,39.905367
2467,2468,60976,116.41188500000001,39.870979999999996
1535,1536,62442,116.473376,39.875384999999994
1551,1552,120381,116.37310500000001,39.901209
2066,2067,38830,116.03538300000001,39.88702
2820,2821,94955,116.471006,40.016871
2733,2734,129534,116.43293700000001,39.951953
2579,2580,73112,116.509336,39.941162
1797,1798,67416,116.521774,39.94004
2800,2801,62275,116.319336,39.827335999999995
1487,1488,82110,116.329175,39.88082
2551,2552,44698,116.33756899999999,40.089546
1272,1273,67102,116.70063200000001,39.914747
2054,2055,90014,116.433123,40.00209
1588,1589,52773,116.37555,40.042102
1630,1631,30559,116.82828700000002,39.970903
1166,1167,39306,116.646267,39.904464000000004
1383,1384,67969,116.24700800000001,39.906426
1466,1467,40645,116.441424,39.813718
1263,1264,54033,116.590404,39.918459000000006
2619,2620,43073,116.60503500000002,40.051164
1199,1200,58523,116.482231,40.009521
2641,2642,88443,116.31239599999999,39.884145000000004
2446,2447,34741,116.175983,39.767012
1667,1668,94462,116.36608700000001,39.894321999999995
1799,1800,66267,116.47288799999998,39.986053000000005
2448,2449,39624,116.361705,39.761336
2449,2450,53890,116.330198,40.074228000000005
334,335,94830,116.365812,39.960581
1034,1035,86389,116.490651,39.895343
452,453,49979,116.594761,39.921447
1032,1033,42996,116.613977,39.936277000000004
2713,2714,73721,116.493655,39.905367
2263,2264,65153,116.380725,39.850187
296,297,47452,116.35813999999999,40.088663000000004
47,48,59736,116.521774,39.94004
1714,1715,40275,116.649091,40.144304999999996
1639,1640,41516,116.563698,39.953429
1532,1533,36667,116.42376000000002,40.0514
2571,2572,102816,116.491708,40.003156
1919,1920,128617,116.399018,39.978141
1361,1362,61080,116.58965800000001,39.925265
1550,1551,37313,116.639972,39.882381
1194,1195,51907,116.698085,39.900316
135,136,31632,116.82828700000002,39.970903
138,139,65116,116.68924399999999,39.873245000000004
2667,2668,55304,116.589955,39.920154
691,692,72721,116.51158999999998,39.903448
2548,2549,29841,116.846026,39.958434000000004
476,477,100000,116.459652,39.901899
896,897,29526,116.42929199999999,40.111125
1523,1524,72359,116.362306,40.035119
1505,1506,46480,116.414419,40.053455
574,575,66126,116.409861,40.042394
1334,1335,82478,116.360836,40.005728000000005
440,441,87567,116.403304,39.891690999999994
1886,1887,39039,116.683699,40.11204
1137,1138,53467,116.568799,39.853078000000004
931,932,40278,116.43934099999998,40.082372
1086,1087,66906,116.34698799999998,40.035114
1081,1082,53080,116.43942,40.072066
881,882,78829,116.325617,40.049465999999995
290,291,59880,116.43573500000001,39.853176
2669,2670,34356,116.249025,40.218067
2367,2368,50000,116.641021,39.914053
347,348,81804,116.54824599999999,39.969542
2439,2440,94738,116.433425,40.01024
1433,1434,65015,116.31531000000001,39.865675
312,313,143338,116.303301,39.9707
475,476,70116,116.44616699999999,39.969777
1770,1771,28000,116.79231899999999,39.954840999999995
2207,2208,86901,116.318458,40.039499
1864,1865,100893,116.486709,39.895879
504,505,55408,116.65133,39.892675
269,270,53911,116.21031799999999,39.916082
2365,2366,58462,116.420993,40.030479
2059,2060,51610,116.340938,39.76265
417,418,109663,116.36001599999999,39.939659000000006
1816,1817,96277,116.442683,40.019228999999996
2525,2526,83033,116.467478,40.018459
971,972,68249,116.36060800000001,40.036507
2426,2427,99301,116.333303,39.974734000000005
2755,2756,59034,116.451751,39.852588
1098,1099,48017,116.70811,39.888054
1873,1874,33713,116.35594499999999,39.728279
1819,1820,81254,116.271746,40.058040000000005
1360,1361,59921,116.27292800000001,39.885267
1064,1065,76402,116.49003200000001,39.993487
1003,1004,80645,116.506685,39.902187
2080,2081,78014,116.36486599999999,39.964032
1405,1406,140459,116.384103,39.972885
1537,1538,30496,116.23536599999998,40.216037
2085,2086,80645,116.491575,39.984428
2514,2515,45146,116.59088,39.924096
1494,1495,54677,116.314388,39.972347
652,653,49047,116.568799,39.853078000000004
139,140,110008,116.38999,39.888259999999995
437,438,129714,116.434147,39.953592
2245,2246,45354,116.326792,39.757576
994,995,42984,116.249025,40.218067
702,703,88725,116.333347,39.904872
808,809,42975,116.34365700000001,39.788825
2150,2151,51049,116.42376000000002,40.0514
1838,1839,47905,116.345128,39.763661
969,970,111166,116.376346,39.951025
1491,1492,63573,116.58468,39.935758
206,207,58716,116.43056200000001,40.045549
1288,1289,51482,116.568009,39.92418
544,545,103478,116.435751,39.902151
264,265,77159,116.26462099999999,40.087404
774,775,54262,116.638919,39.900576
1178,1179,74533,116.32616000000002,40.046586
837,838,35202,116.40403300000001,40.088654999999996
2850,2851,81189,116.3367,39.897727
2620,2621,63781,116.462185,39.884984
2146,2147,55827,116.679317,39.889108
2596,2597,59391,116.43438799999998,40.0451
2188,2189,90361,116.343898,39.995983
1754,1755,40049,116.63993400000001,40.143448
2,3,68456,116.642449,39.899814
2821,2822,93593,116.4471,39.879796
238,239,95785,116.345863,39.877035
1805,1806,65125,116.376524,39.851605
1918,1919,84728,116.46028000000001,39.957618
365,366,81696,116.35566499999999,40.016785
15,16,47309,116.236106,39.899968
2783,2784,97752,116.32691299999999,39.959365000000005
1552,1553,54592,116.69006999999999,39.870642
1711,1712,107822,116.435751,39.902151
2501,2502,69805,116.378961,39.871829999999996
2700,2701,51606,116.318694,40.087485
2412,2413,59827,116.40256699999999,39.869745
2347,2348,30934,116.220092,39.813434
2120,2121,54912,116.63264,39.913740999999995
2874,2875,59967,116.39135300000001,39.99299
751,752,32304,116.08526100000002,39.720728
1674,1675,36481,116.33863899999999,40.079333
2869,2870,65176,116.41341200000001,40.054875
2594,2595,52717,116.568799,39.853078000000004
865,866,61614,116.419296,39.853260999999996
581,582,104004,116.34828200000001,39.892777
2009,2010,87771,116.34837900000001,39.898284000000004
30,31,54082,116.517963,39.86507
677,678,60016,116.38026200000002,39.850039
1844,1845,47518,116.581295,39.910614
765,766,106457,116.35498100000001,39.945559
1581,1582,96037,116.34596,39.967364
39,40,42493,116.341467,40.087007
176,177,32788,116.416156,40.082584999999995
2509,2510,67553,116.308531,39.847435
1768,1769,93058,116.432809,39.968579999999996
807,808,77966,116.485616,40.006096
2363,2364,104906,116.336918,39.893507
1455,1456,116048,116.31159199999999,39.977698
416,417,68232,116.51291599999999,39.966511
950,951,99359,116.420282,39.973413
1095,1096,47090,116.35813999999999,40.088663000000004
1673,1674,30591,116.372483,39.801739000000005
617,618,75584,116.483602,39.893412
957,958,57647,116.22863899999999,39.907678000000004
998,999,63032,116.704315,39.92475
1988,1989,82956,116.343001,39.964408
1858,1859,46761,116.3434,40.083321999999995
2716,2717,77586,116.270772,39.931256
1506,1507,115152,116.289102,39.923448
803,804,101175,116.292805,39.957287
1014,1015,75560,116.348101,40.040414
2271,2272,134921,116.384092,39.96456
2142,2143,102378,116.40926599999999,40.003413
1352,1353,55952,116.342803,39.797447999999996
165,166,62092,116.362306,40.035119
2399,2400,81637,116.390064,40.007825
458,459,79501,116.463876,40.001253000000005
1381,1382,49153,116.484125,39.832234
2221,2222,61873,116.343244,40.063365999999995
426,427,80534,116.472178,39.940931
1273,1274,52317,116.354648,40.044540999999995
2423,2424,79233,116.317277,40.062967
2646,2647,40062,116.415732,40.053385
1105,1106,47556,116.42376000000002,40.0514
2791,2792,51417,116.349005,40.079347
559,560,41098,116.43942,40.072066
1053,1054,130357,116.305298,39.979471000000004
2773,2774,78014,116.41448999999999,39.879802000000005
329,330,68921,116.37555,40.042102
1211,1212,49200,116.311776,40.084907
2882,2883,52781,116.32803500000001,40.078668
404,405,58143,116.31861599999999,39.946663
635,636,70517,116.325617,40.049465999999995
1849,1850,49573,116.340938,39.76265
1246,1247,72269,116.493655,39.905367
2350,2351,36115,116.639972,39.882381
1451,1452,55425,116.48249799999999,39.912103
1582,1583,74846,116.329675,39.876404
2894,2895,47277,116.433401,40.107867
1206,1207,101942,116.49276699999999,39.998248
2876,2877,36952,116.639972,39.882381
261,262,47298,116.441424,39.813718
1565,1566,31832,116.82828700000002,39.970903
1743,1744,40698,116.46887,39.828858000000004
1415,1416,114226,116.440069,39.902423
845,846,48058,116.465305,39.818518
2137,2138,62417,116.690996,39.925159
84,85,58830,116.704315,39.92475
392,393,101626,116.431358,40.009996
1026,1027,32461,116.68046799999999,39.936884
241,242,59797,116.48529599999999,39.991732
1553,1554,65473,116.43312900000001,39.975946
364,365,60724,116.70063200000001,39.914747
731,732,74355,116.411493,40.000186
961,962,89286,116.41916200000001,40.031546
202,203,98922,116.30506299999999,39.91533
738,739,81536,116.529843,39.934036
1798,1799,96360,116.42935200000001,39.904538
1966,1967,101089,116.309252,39.977841999999995
191,192,68830,116.421876,40.008585
963,964,51389,116.22663999999999,39.907108
2010,2011,38819,116.43934099999998,40.082372
1562,1563,32381,116.34386200000002,40.074863
1052,1053,48352,116.34209299999999,39.731799
2870,2871,81110,116.423442,39.994638
2535,2536,35338,116.416156,40.082584999999995
1,2,59741,116.430477,40.001053000000006
1751,1752,79635,116.41886299999999,40.033442
2431,2432,92064,116.292721,39.959747
2776,2777,45812,116.610993,39.895821999999995
2125,2126,82919,116.372248,40.01614
2390,2391,66063,116.424392,40.001544
2346,2347,42884,116.145679,39.945014
1347,1348,34849,116.500382,39.805889
479,480,85781,116.40968799999999,39.958188
2415,2416,27952,116.156204,39.761792
1515,1516,35719,116.68862800000001,40.123965000000005
1382,1383,56106,116.260421,39.927665000000005
1060,1061,43172,116.119525,39.918613
719,720,63938,116.52210500000001,39.922247
1606,1607,28916,116.41917,40.124757
2686,2687,80789,116.483671,39.895896
2065,2066,77548,116.246633,39.938989
263,264,56491,116.42873200000001,40.048486
520,521,103634,116.491708,40.003156
612,613,50154,116.171857,39.937331
2520,2521,74792,116.518849,39.931002
321,322,45062,116.485785,39.80512
190,191,62858,116.390643,39.997027
913,914,46989,116.3434,40.083321999999995
942,943,143933,116.39269499999999,39.969608
2174,2175,83229,116.439095,39.983437
127,128,47316,116.16711200000002,39.936388
2873,2874,45455,116.425063,40.044097
871,872,46218,116.56016799999999,40.110054
2253,2254,68068,116.40351100000001,39.872127
1573,1574,69313,116.51291599999999,39.966511
1675,1676,52931,116.39121999999999,39.848862
1480,1481,57710,116.390597,39.864637
2524,2525,67341,116.43297199999999,39.99183
113,114,46196,116.57853200000001,39.928987
2028,2029,50475,116.340189,39.800962
1357,1358,49218,116.41277600000001,40.051269
445,446,56323,116.31803500000001,39.857355
2811,2812,83898,116.35984099999999,39.962265
2138,2139,89563,116.36556200000001,39.982896000000004
460,461,24382,116.41786599999999,40.134243
1038,1039,86592,116.283528,40.025064
2898,2899,51493,116.325341,39.781506
928,929,35766,116.639972,39.882381
470,471,58845,116.461949,40.003018
1056,1057,41108,116.318694,40.087485
1872,1873,46310,116.347991,39.750474
530,531,41789,116.11266499999999,39.952690000000004
1839,1840,49340,116.674981,39.897618
2167,2168,72004,116.59891100000002,39.932527
260,261,35265,116.38138000000001,40.092631
2542,2543,86251,116.389228,39.988818
1625,1626,59828,116.42961799999999,40.0507
496,497,38627,116.43942,40.072066
1266,1267,54667,116.372841,40.080110999999995
651,652,36910,116.43134199999999,40.071807
2165,2166,51295,116.669921,39.887890000000006
891,892,52286,116.697005,39.925858000000005
1317,1318,51398,116.346448,39.739906
1277,1278,38513,116.439254,39.811499
1571,1572,61735,116.42537,40.052808
2752,2753,57393,116.422817,39.862947
1947,1948,76612,116.32616000000002,40.046586
1269,1270,61952,116.32810500000001,39.849492
2168,2169,64897,116.482331,40.014156
2438,2439,126984,116.486029,39.973029
1404,1405,87591,116.529205,39.926332
2599,2600,53550,116.26566899999999,39.894045
211,212,42726,116.42929199999999,40.111125
2048,2049,78616,116.41658000000001,39.875029999999995
2437,2438,114017,116.30498999999999,39.957936
1577,1578,59990,116.27292800000001,39.885267
788,789,25428,116.15466299999999,39.741514
686,687,42796,116.59088,39.924096
772,773,33125,116.66884099999999,40.113345
687,688,68880,116.508983,39.871912
1260,1261,39336,116.12215,39.932268
2604,2605,67669,116.170097,40.073984
1279,1280,118557,116.34816000000001,39.904437
2751,2752,37890,116.44578500000001,40.077726
1529,1530,42108,116.655566,39.883931
2366,2367,72525,116.468332,40.009959
89,90,52354,116.679317,39.889108
1654,1655,39844,116.34365700000001,39.788825
50,51,76157,116.463876,40.001253000000005
233,234,65057,116.51158999999998,39.903448
1814,1815,49824,116.20302099999999,39.929598999999996
2303,2304,37934,116.659056,40.14159
423,424,90403,116.398206,39.979381
195,196,64317,116.24700800000001,39.906426
643,644,52750,116.70811,39.888054
1083,1084,55354,116.315096,39.857138
41,42,82965,116.46353899999998,39.987790999999994
1969,1970,75962,116.376015,40.018207000000004
1832,1833,49902,116.32260900000001,40.082706
2099,2100,50000,116.66703799999999,39.942451
2257,2258,62694,116.31218700000001,39.896423
2334,2335,61105,116.417203,39.966190999999995
1712,1713,79453,116.49286699999999,39.966876
2312,2313,55147,116.34433500000002,39.770444
949,950,82990,116.31239599999999,39.884145000000004
237,238,91205,116.373007,39.999454
2161,2162,47991,116.16114099999999,39.932229
662,663,112942,116.352899,39.889225
593,594,69518,116.24700800000001,39.906426
280,281,40010,116.34386200000002,40.074863
2311,2312,58207,116.41148100000001,40.059131
1340,1341,52812,116.430722,39.860989000000004
1950,1951,81945,116.46671599999999,40.002198
2479,2480,59903,116.44891299999999,39.87337
1048,1049,99540,116.2853,39.968624
1888,1889,34641,116.42350400000001,40.083027
648,649,36215,116.431552,40.082903
2040,2041,52112,116.419296,39.853260999999996
2796,2797,76786,116.44528400000002,39.925343
1503,1504,71841,116.46847700000001,40.008959000000004
1847,1848,35779,116.43942,40.072066
1500,1501,50472,116.195775,39.912986
2097,2098,48302,116.676831,39.900109
167,168,82053,116.44012,40.046751
1676,1677,35281,116.431552,40.082903
430,431,46260,116.421842,40.119709
381,382,69061,116.461949,40.003018
1418,1419,70694,116.373314,39.844248
2062,2063,53651,116.64054499999999,39.911057
2241,2242,49877,116.468749,39.874429
681,682,70791,116.518849,39.931002
830,831,56586,116.467726,40.005503999999995
1005,1006,60472,116.504579,39.795716
1566,1567,52073,116.19884099999999,39.929432
1730,1731,26085,116.84416599999999,39.954834999999996
1274,1275,56330,116.58891299999999,39.922146000000005
1686,1687,47589,116.31696299999999,40.056306
1903,1904,79549,116.404579,39.978491
532,533,79971,116.441781,39.991956
1637,1638,76508,116.47773000000001,40.002156
1068,1069,97070,116.302079,39.915335999999996
346,347,87349,116.42974299999999,39.969409999999996
700,701,30693,116.15792900000001,39.745926000000004
1508,1509,26596,116.846026,39.958434000000004
2175,2176,44459,116.33851899999999,39.789061
1837,1838,40455,116.659297,40.14532
1809,1810,38318,116.431552,40.082903
1796,1797,102478,116.49276699999999,39.998248
566,567,33929,116.72222099999999,40.087052
2534,2535,61802,116.530553,39.921425
1902,1903,86346,116.34532800000001,39.903911
793,794,67966,116.69006999999999,39.870642
1015,1016,88738,116.35502199999999,39.980296
2862,2863,55692,116.517555,39.872965
1234,1235,50904,116.651427,39.902087
2198,2199,95369,116.469306,39.997106
2536,2537,45767,116.46064299999999,39.806976
493,494,111203,116.40053300000001,39.962226
1439,1440,61392,116.376346,39.951025
2351,2352,88406,116.323027,40.040979
2270,2271,60150,116.600168,39.937451
2055,2056,65963,116.455671,39.905762
2149,2150,55710,116.589955,39.920154
2368,2369,61707,116.22914899999999,39.900286
620,621,85145,116.508075,39.936337
1341,1342,87516,116.317277,40.062967
1154,1155,63795,116.47193100000001,40.008739
766,767,31721,116.416156,40.082584999999995
1387,1388,82140,116.41886299999999,40.033442
2831,2832,38261,116.6709,40.137772
1464,1465,59161,116.60292,39.909042
867,868,46805,116.56611699999999,39.956661
1128,1129,51322,116.33376499999999,40.078920000000004
656,657,39784,116.32260900000001,40.089206
740,741,64037,116.30850500000001,39.839489
1656,1657,55716,116.67198300000001,39.891343
2517,2518,57287,116.504579,39.795716
405,406,70769,116.511545,39.904464000000004
902,903,58673,116.425063,40.044097
618,619,88025,116.406986,39.971716
1084,1085,112195,116.37260500000001,39.949564
1465,1466,39866,116.425304,40.112553000000005
1296,1297,107008,116.333192,39.934033
1926,1927,74669,116.41611699999999,39.999631
1945,1946,28098,116.675955,40.037646
647,648,38165,116.42673400000001,40.066064000000004
2338,2339,95032,116.435751,39.902151
1055,1056,70468,116.330198,40.074228000000005
594,595,106762,116.34498500000001,39.891739
1176,1177,62448,116.32195300000001,40.058245
1025,1026,59041,116.42961799999999,40.0507
2662,2663,66690,116.506351,39.966184999999996
1497,1498,64204,116.51291599999999,39.966511
297,298,54760,116.421985,40.058455
1794,1795,68027,116.29045500000001,39.938518
1904,1905,111845,116.41618700000001,39.969551
328,329,48259,116.382471,40.08696
864,865,30537,116.415742,40.077796
1103,1104,65825,116.594801,39.928019
1883,1884,27764,116.21455700000001,40.226152
308,309,78407,116.410445,40.040689
1376,1377,56898,116.50903899999999,39.922589
420,421,46242,116.43942,40.072066
155,156,62387,116.37301399999998,39.859478
1923,1924,100908,116.43784099999999,39.948704
1613,1614,51141,116.340189,39.800962
456,457,108180,116.437025,40.059329
1559,1560,69670,116.426617,39.867647999999996
376,377,104928,116.3328,39.938358
2639,2640,68046,116.419009,39.87095
2614,2615,56059,116.404744,39.819538
1742,1743,41030,116.34455700000001,39.780149
2380,2381,68653,116.282549,39.895086
2286,2287,46784,116.613895,39.894341
1608,1609,50543,116.339882,39.82826
2593,2594,52861,116.57249099999999,39.853078000000004
1122,1123,50423,116.6512,39.898185999999995
1905,1906,72746,116.45320600000001,39.965662
215,216,78873,116.287719,39.931907
1059,1060,130321,116.343245,39.900529
1256,1257,42833,116.560906,39.879298
1289,1290,44837,116.33404499999999,39.757413
2112,2113,76336,116.430966,40.05675
1659,1660,50239,116.59488600000002,39.910677
1331,1332,53269,116.673832,39.910583
710,711,55556,116.23378500000001,39.906862
2086,2087,56474,116.651427,39.902087
407,408,50316,116.58891299999999,39.922146000000005
1889,1890,42073,116.322852,40.088619
2289,2290,45570,116.416156,40.082584999999995
925,926,73616,116.45053,39.874376
2577,2578,66298,116.47969199999999,40.0097
1035,1036,68605,116.24700800000001,39.906426
24,25,47923,116.6512,39.898185999999995
1650,1651,92277,116.40926599999999,40.003413
1599,1600,59289,116.50188500000002,39.961933
218,219,57326,116.69006999999999,39.870642
1462,1463,28228,116.13624899999999,39.748228999999995
1011,1012,141741,116.397604,39.878765
1929,1930,47748,116.33376499999999,40.078920000000004
1392,1393,37484,116.42350400000001,40.083027
1200,1201,78502,116.349153,39.968146000000004
698,699,72876,116.385994,39.995746999999994
234,235,55486,116.32616000000002,40.046586
1069,1070,61339,116.306155,39.870321999999994
507,508,111235,116.427002,39.962219
840,841,48658,116.33756899999999,40.089546
1407,1408,54897,116.412985,40.062212
2357,2358,92233,116.306503,39.921589000000004
703,704,60880,116.59891100000002,39.932527
1472,1473,50641,116.40635,40.052459000000006
1600,1601,66821,116.22028300000001,40.043636
384,385,90864,116.441608,39.898639
1183,1184,90779,116.45968,39.999245
1901,1902,86463,116.34532800000001,39.903911
403,404,47706,116.65376299999998,39.901478999999995
1661,1662,59799,116.678048,39.933473
1960,1961,47688,116.568799,39.853078000000004
1898,1899,61559,116.47773000000001,40.002156
2588,2589,80670,116.44544499999999,39.93257
26,27,74240,116.467922,39.993105
2709,2710,65884,116.319751,39.836525
531,532,97270,116.50448200000001,39.942714
2681,2682,33823,116.639972,39.882381
131,132,87338,116.425978,40.002210999999996
1634,1635,57190,116.69010800000001,39.895196
752,753,91531,116.435236,39.90518
2249,2250,67978,116.47193100000001,40.008739
2341,2342,53750,116.69591100000001,39.894711
2878,2879,53747,116.276825,39.901458
1876,1877,54320,116.659929,39.908429
1486,1487,51973,116.517963,39.86507
692,693,25036,116.43942,40.072066
2730,2731,61289,116.518978,39.904327
2320,2321,88471,116.467478,40.018459
1467,1468,127238,116.391726,39.978788
1835,1836,102304,116.37178700000001,39.905909
87,88,46436,116.33863899999999,40.079333
1495,1496,28902,116.445996,40.069568
1534,1535,129870,116.389326,39.963727
1198,1199,68562,116.44616699999999,39.969777
2838,2839,52203,116.39121999999999,39.848862
1579,1580,69490,116.293227,39.873932
2843,2844,43351,116.42350400000001,40.083027
861,862,75876,116.471324,39.904146999999995
38,39,65912,116.491575,39.984428
2310,2311,124792,116.38483000000001,40.014138
1594,1595,46309,116.35699,40.093976
118,119,59621,116.694847,39.921775
254,255,54923,116.482018,40.004978
2748,2749,68221,116.515429,39.874208
1982,1983,103862,116.330758,39.962235
1786,1787,41327,116.639323,40.137953
2057,2058,49232,116.43573500000001,39.853176
787,788,60100,116.594761,39.921447
1575,1576,60831,116.34900900000001,40.074638
368,369,46393,116.35699,40.093976
226,227,52714,116.23913200000001,39.906502
2402,2403,114967,116.459652,39.901899
495,496,84077,116.52013000000001,39.936383
744,745,53708,116.63264,39.913740999999995
1419,1420,26964,116.85037,39.963617
1138,1139,69698,116.49503100000001,39.976908
513,514,87786,116.484696,39.903711
1323,1324,112308,116.426526,39.964952000000004
2544,2545,85999,116.529205,39.926332
124,125,86712,116.49299099999999,40.000253
2264,2265,83650,116.433425,40.01024
2162,2163,52770,116.29628600000001,39.870107
1602,1603,52446,116.336897,40.062253999999996
54,55,25122,116.44578500000001,40.077726
2333,2334,49946,116.65376299999998,39.901478999999995
2313,2314,33471,116.416156,40.082584999999995
2061,2062,117865,116.338384,39.934691
1664,1665,64001,116.512573,39.938884
205,206,74041,116.24700800000001,39.906426
2675,2676,69860,116.39856599999999,39.861922
97,98,59503,116.30034099999999,39.851341999999995
1182,1183,76851,116.36521,39.953911
2784,2785,99151,116.34186299999999,39.953175
1358,1359,85172,116.34698799999998,40.035114
90,91,61141,116.689623,39.907949
2230,2231,57971,116.314388,39.972347
545,546,82560,116.47134799999999,39.90062
885,886,69364,116.457173,39.96476
2698,2699,88768,116.44303700000002,39.985807
1897,1898,60269,116.51158999999998,39.903448
2223,2224,55273,116.43056200000001,40.045549
884,885,56406,116.333514,39.797388
1104,1105,63588,116.70063200000001,39.914747
748,749,78947,116.493032,39.98746
1456,1457,99551,116.3367,39.897727
2656,2657,60484,116.392762,39.862365000000004
1345,1346,48057,116.65472700000001,39.89598
547,548,96505,116.30441499999999,39.918054999999995
2778,2779,41382,116.695201,39.934643
1831,1832,59981,116.669921,39.887890000000006
912,913,54159,116.41718,39.851679
154,155,47949,116.20383000000001,39.925938
406,407,61940,116.433365,40.048629
147,148,91013,116.46353899999998,39.987790999999994
1951,1952,106259,116.22914899999999,39.900286
1184,1185,72089,116.58646499999999,39.918172
1855,1856,38864,116.110258,39.938303000000005
2650,2651,46483,116.648606,39.90866
1421,1422,65150,116.482018,40.004978
2756,2757,62013,116.523444,39.92445
2260,2261,87651,116.40926599999999,40.003413
1065,1066,87174,116.44015700000001,39.983438
2364,2365,94560,116.31213100000001,39.970749
448,449,36387,116.685452,39.94297
1024,1025,26940,116.40369299999999,40.116058
541,542,90206,116.308879,39.921413
2434,2435,49785,116.333603,39.743229
992,993,50923,116.58891299999999,39.922146000000005
1231,1232,101347,116.43238799999999,39.953990000000005
2295,2296,114967,116.43343,39.958449
2440,2441,39899,116.35594499999999,39.728279
313,314,81195,116.25701399999998,40.054947999999996
2848,2849,101493,116.34168400000001,39.979225
836,837,30031,116.345653,39.803915
527,528,63291,116.250662,39.910338
21,22,43737,116.108792,39.957754
1539,1540,95253,116.34063300000001,39.891697
1158,1159,81258,116.420546,39.997876
1793,1794,66800,116.441502,39.872065
873,874,39131,116.431552,40.082903
1739,1740,78112,116.47516999999999,39.949467999999996
383,384,88982,116.25701399999998,40.054947999999996
391,392,44391,116.498756,39.807081
1045,1046,82919,116.437025,40.059329
204,205,48567,116.566325,39.914057
352,353,76987,116.439095,39.983437
1597,1598,77859,116.479017,39.950244
1106,1107,68768,116.46628,39.991363
629,630,45068,116.332651,40.072033000000005
88,89,51582,116.33533200000001,40.067075
659,660,57163,116.236106,39.899968
1899,1900,52380,116.340929,39.82227
266,267,55649,116.43056200000001,40.045549
1826,1827,82335,116.42892900000001,39.980782
100,101,90408,116.340034,39.885855
753,754,71039,116.493655,39.905367
911,912,46888,116.439422,39.876408000000005
1240,1241,102233,116.46370800000001,39.901165999999996
2576,2577,53316,116.25624099999999,39.89887
1957,1958,78895,116.52013000000001,39.936383
2360,2361,80000,116.490525,39.97146
1390,1391,66375,116.418801,39.976386
2605,2606,69799,116.487649,39.985143
685,686,82216,116.442298,39.970551
1164,1165,63333,116.27292800000001,39.885267
2122,2123,89908,116.325617,40.049465999999995
775,776,112870,116.413053,39.962564
1977,1978,91133,116.49299099999999,40.000253
2828,2829,71336,116.461949,40.003018
250,251,80972,116.44232199999999,39.922354
711,712,35165,116.69783799999999,40.110591
1146,1147,74993,116.420472,40.003028
418,419,91386,116.40926599999999,40.003413
1286,1287,68105,116.488832,39.932702
1043,1044,88269,116.468185,40.006896999999995
1121,1122,111214,116.29469499999999,39.918281
1857,1858,45268,116.59488600000002,39.910677
2861,2862,43532,116.50188500000002,39.961933
2807,2808,30916,116.77441,39.980612
1833,1834,56264,116.34663,40.096608
1339,1340,51570,116.69336000000001,39.879708
1076,1077,35424,116.141967,40.244137
2379,2380,78331,116.46718200000001,40.014312
1693,1694,54790,116.704315,39.92475
2561,2562,38744,116.225476,40.226442999999996
781,782,65203,116.414708,40.012787
2865,2866,34600,116.415742,40.077796
51,52,73737,116.345863,39.877035
2330,2331,54765,116.34175900000001,39.755588
1672,1673,93515,116.491708,40.003156
537,538,40361,116.670101,40.118728999999995
2631,2632,40495,116.421842,40.119709
2392,2393,77366,116.49503100000001,39.976908
2102,2103,46673,116.376116,40.089084
849,850,86777,116.34066200000001,39.880533
641,642,45178,116.331607,39.777363
828,829,58475,116.19884099999999,39.929432
192,193,42578,116.349005,40.079347
604,605,80670,116.455099,39.978117
2530,2531,64158,116.71133700000001,39.9184
444,445,20795,116.85037,39.963617
311,312,66347,116.70063200000001,39.914747
1922,1923,35712,116.66703799999999,39.942451
666,667,121649,116.391726,39.978788
2569,2570,39595,116.15460800000001,39.726495
743,744,35149,116.11697099999999,39.943729
2845,2846,42072,116.246804,40.216685999999996
2210,2211,64263,116.472175,40.017522
1518,1519,23645,116.85037,39.963617
2758,2759,77725,116.329675,39.876404
288,289,65744,116.41185800000001,39.869364000000004
431,432,66772,116.44931000000001,39.964914
965,966,44521,116.364975,40.073376
2466,2467,98352,116.271746,40.058040000000005
2546,2547,58511,116.62150700000001,39.933755
168,169,66189,116.386248,40.069552
1168,1169,69080,116.37267,39.851088
2881,2882,67471,116.502784,39.961221
2789,2790,89925,116.37031699999999,39.952381
1746,1747,90000,116.368316,39.961515000000006
623,624,63348,116.386248,40.069552
2868,2869,46118,116.446449,39.812275
2013,2014,83598,116.42892900000001,39.980782
91,92,37772,116.38138000000001,40.092631
1699,1700,72978,116.34698799999998,40.035114
2743,2744,51852,116.667758,39.911718
2586,2587,91026,116.433425,40.01024
1810,1811,83846,116.33690800000001,39.878778000000004
2352,2353,48139,116.667363,39.905367
46,47,83704,116.441336,39.963162
2276,2277,28269,116.43942,40.072066
1092,1093,49267,116.66168300000001,39.882813
601,602,49050,116.21210500000001,39.940814
909,910,90081,116.46353899999998,39.987790999999994
1254,1255,75503,116.304497,39.895431
1152,1153,48151,116.30095,39.838443
563,564,59966,116.50603899999999,39.963312
1705,1706,48510,116.16293799999998,39.939005
1431,1432,76080,116.279152,40.027364
1956,1957,92447,116.44851299999999,39.978977
451,452,63016,116.425063,40.044097
1293,1294,70623,116.472175,40.017522
1230,1231,67775,116.28323200000001,39.888903000000006
2153,2154,77485,116.52331699999999,39.933208
2419,2420,75972,116.47288799999998,39.986053000000005
2901,2902,131959,116.383895,39.970656
281,282,135135,116.32538500000001,39.984968
2291,2292,63489,116.520858,39.918846
413,414,41494,116.24991599999998,40.227383
18,19,82719,116.463876,40.001253000000005
2704,2705,54093,116.69972,39.903277
2201,2202,43776,116.563818,39.953284000000004
933,934,50588,116.24294499999999,40.215684
2457,2458,68717,116.52181200000001,39.930841
37,38,53621,116.333726,39.763334
2103,2104,78313,116.317277,40.062967
2595,2596,71969,116.49003200000001,39.993487
714,715,39766,116.41680600000001,40.065593
2182,2183,76595,116.49003200000001,39.993487
2475,2476,79731,116.46859199999999,40.028148
514,515,47592,116.612342,39.935122
2200,2201,53774,116.262442,39.897184
1789,1790,36364,116.42673400000001,40.066064000000004
1386,1387,87702,116.409783,40.006303
551,552,72996,116.36358200000001,39.852290999999994
1403,1404,119229,116.386156,39.91037
671,672,70148,116.373314,39.844248
160,161,59456,116.269851,39.897262
611,612,135135,116.374945,39.909543
1171,1172,31491,116.29845900000001,39.785761
2612,2613,119549,116.33514,39.995926000000004
2262,2263,98670,116.307929,39.914766
99,100,59528,116.43056200000001,40.045549
2424,2425,33783,116.43547099999999,40.109315
282,283,55720,116.43438799999998,40.0451
682,683,63891,116.42309499999999,39.845641
199,200,36111,116.43942,40.072066
2106,2107,89803,116.451197,39.946843
2340,2341,65333,116.490126,39.920449
2191,2192,63252,116.45013700000001,39.87191
2726,2727,48011,116.641021,39.914053
2060,2061,58023,116.58646499999999,39.918172
644,645,52526,116.648674,39.899289
2348,2349,55984,116.51793700000002,39.915593
2464,2465,112500,116.420268,39.949318
1955,1956,48606,116.47369499999999,39.876155
2005,2006,42436,116.43942,40.072066
159,160,32832,116.415742,40.077796
1752,1753,55224,116.34208799999999,39.749733
2002,2003,107448,116.44775600000001,39.896508000000004
486,487,87167,116.287746,40.038616999999995
2867,2868,84746,116.38104399999999,39.994818
1979,1980,112446,116.320453,40.039032
2451,2452,111629,116.440069,39.902423
271,272,55893,116.427682,40.050832
2892,2893,40905,116.114782,39.938645
116,117,40210,116.415742,40.077796
2606,2607,54432,116.41550500000001,39.859651
319,320,74981,116.420099,39.901616
2461,2462,93591,116.441781,39.991956
550,551,50916,116.200526,39.9325
1346,1347,63043,116.26681,39.913144
2740,2741,66705,116.48166599999999,39.992717999999996
491,492,76713,116.483671,39.895896
2383,2384,62844,116.47773000000001,40.002156
2884,2885,48019,116.655566,39.883931
1033,1034,66845,116.508983,39.871912
716,717,102074,116.376911,39.960125
2238,2239,63175,116.363152,40.089008
1882,1883,62753,116.471626,39.8946
1863,1864,44945,116.119651,39.934504
1408,1409,50000,116.311776,40.084907
1235,1236,44928,116.69150900000001,39.899278
2185,2186,53894,116.612765,39.905006
529,530,71952,116.337135,40.044990999999996
489,490,108245,116.28828700000001,39.968979
2871,2872,55877,116.712033,39.925108
130,131,39035,116.649091,40.144304999999996
636,637,88427,116.44879499999999,39.977001
2220,2221,97541,116.35861200000001,39.917188
1536,1537,66445,116.439722,39.868674
2745,2746,57116,116.56021499999999,40.093
408,409,60081,116.412985,40.062212
2132,2133,56642,116.6512,39.898185999999995
953,954,141692,116.378553,39.968971
2376,2377,36997,116.431552,40.082903
645,646,33718,116.601883,40.044753
584,585,98614,116.31853899999999,39.918502000000004
219,220,96774,116.34498500000001,39.891739
398,399,103041,116.340103,39.98
1912,1913,82806,116.42751100000001,39.983814
174,175,48654,116.669688,39.882768
1986,1987,91295,116.34125700000001,39.980569
1159,1160,60534,116.332045,40.081334000000005
1757,1758,132323,116.31199199999999,40.041582
2140,2141,87681,116.435751,39.902151
786,787,84706,116.346429,40.001408000000005
2128,2129,44856,116.402378,39.820979
2877,2878,59574,116.42873200000001,40.048486
1469,1470,54900,116.332045,40.081334000000005
642,643,75837,116.419996,40.001599
815,816,96685,116.35502199999999,39.980296
2244,2245,135406,116.301832,39.972868
2883,2884,50157,116.20383000000001,39.925938
798,799,53563,116.65235,39.876940999999995
966,967,110569,116.35218300000001,39.915673999999996
1275,1276,86425,116.345757,39.884679
1454,1455,68182,116.511545,39.904464000000004
33,34,74938,116.50356799999999,39.916109000000006
557,558,40706,116.23898999999999,40.216972999999996
2405,2406,71875,116.648559,39.894325
1438,1439,73276,116.368508,39.955767
415,416,42613,116.44578500000001,40.077726
694,695,39978,116.456681,39.811443
2888,2889,43252,116.517963,39.86507
979,980,42802,116.649091,40.144304999999996
1427,1428,124269,116.36020900000001,39.936115
1592,1593,49375,116.34900900000001,40.074638
459,460,26181,116.85037,39.963617
1586,1587,60289,116.431165,39.874515
1722,1723,52261,116.35751299999998,40.0711
1859,1860,55342,116.202122,39.928963
561,562,65668,116.357041,40.033885999999995
1489,1490,80836,116.51158999999998,39.903448
1567,1568,48959,116.647356,39.896263
1911,1912,58839,116.482018,40.004978
936,937,39191,116.415742,40.077796
2369,2370,107371,116.347797,39.976432
2435,2436,43140,116.16711200000002,39.936388
2816,2817,43150,116.43268400000001,40.077562
960,961,55283,116.29563,39.849942
683,684,92767,116.3222,39.945204
173,174,46369,116.379778,39.840643
2785,2786,72311,116.320535,39.890097999999995
887,888,98592,116.336244,39.932195
166,167,64951,116.47773000000001,40.002156
92,93,69899,116.41543100000001,39.896044
393,394,47384,116.64934299999999,39.904371000000005
870,871,48742,116.331827,39.770944
251,252,40610,116.331446,40.085293
2628,2629,101190,116.30998400000001,39.965790000000005
2781,2782,35684,116.263323,40.218013
1881,1882,46147,116.68046799999999,39.936884
922,923,90222,116.35571999999999,40.01918
268,269,128205,116.35473300000001,39.931695
2123,2124,40042,116.66703799999999,39.942451
1632,1633,80649,116.467478,40.018459
2068,2069,79838,116.329675,39.876404
2584,2585,47830,116.35428700000001,40.079237
335,336,90290,116.490651,39.895343
2649,2650,45833,116.35428700000001,40.079237
2890,2891,71605,116.37876100000001,39.995596
348,349,48985,116.23870600000001,39.854003999999996
571,572,34100,116.09034,39.945245
283,284,39420,116.445996,40.069568
105,106,108642,116.31159199999999,39.977698
814,815,52150,116.427682,40.050832
2478,2479,83486,116.345863,39.877035
478,479,66869,116.437122,39.996635
569,570,76782,116.351677,39.980567
614,615,77674,116.42112900000001,39.870922
2651,2652,75472,116.37201499999999,39.86688
1729,1730,72106,116.471849,39.89331
610,611,46204,116.59488600000002,39.910677
2133,2134,69922,116.379778,39.840643
2109,2110,24850,116.445996,40.069568
657,658,92153,116.34224099999999,40.038962
2216,2217,35251,116.421727,40.130641
2504,2505,106635,116.426157,39.918525
9,10,77872,116.426534,40.002876
2293,2294,56573,116.43056200000001,40.045549
2067,2068,56139,116.491703,39.929224
245,246,51000,116.330198,40.074228000000005
2721,2722,38042,116.554732,39.760616999999996
2834,2835,64452,116.318458,40.039499
177,178,143770,116.35853999999999,39.906424
1576,1577,85034,116.426534,40.002876
1281,1282,65874,116.503578,39.961828999999994
2176,2177,65087,116.47121499999999,39.903238
897,898,94243,116.486709,39.895879
196,197,80537,116.433356,40.005811
1925,1926,66421,116.70323400000001,39.911017
1108,1109,77807,116.467726,40.005503999999995
1027,1028,63756,116.690886,39.887582
2512,2513,82979,116.32939099999999,39.905863000000004
411,412,57184,116.41718,39.851679
1635,1636,50225,116.66703799999999,39.942451
94,95,70773,116.45918600000002,39.959951000000004
2553,2554,56271,116.67199099999999,39.887056
564,565,100015,116.37913,39.887761
2837,2838,71917,116.448438,39.926390999999995
518,519,66028,116.42928899999998,40.040731
322,323,71187,116.439722,39.868674
2699,2700,96763,116.35571999999999,40.01918
1694,1695,88161,116.443175,39.941889
1145,1146,68519,116.504397,39.92941
626,627,75506,116.322845,40.035467
673,674,83006,116.38956999999999,39.980678000000005
1265,1266,52465,116.64417399999999,39.914072999999995
1651,1652,32995,116.445996,40.069568
2069,2070,63452,116.233915,39.8972
2607,2608,66415,116.493655,39.905367
1333,1334,115097,116.45000900000001,39.865693
110,111,48851,116.68188,39.905547
1202,1203,82829,116.26654199999999,39.927777
2043,2044,41455,116.338402,39.792221000000005
1488,1489,84602,116.36895700000001,39.954839
1959,1960,95731,116.49299099999999,40.000253
2386,2387,54181,116.589955,39.920154
2477,2478,30971,116.81680300000001,39.96929
1226,1227,95864,116.310097,39.921171
2717,2718,67129,116.319751,39.836525
471,472,94901,116.32295900000001,40.040525
284,285,65326,116.334148,40.057145
1791,1792,99404,116.452901,39.901073
2045,2046,77444,116.417045,40.006842999999996
2381,2382,64516,116.46587099999999,40.007369
2684,2685,80444,116.48156399999999,39.933347
653,654,104449,116.31199199999999,40.041582
579,580,110924,116.432142,39.902353999999995
133,134,39187,116.385869,39.772399
1308,1309,24529,116.632377,40.033796
554,555,73067,116.30249199999999,39.893778000000005
2621,2622,61112,116.423841,39.850638000000004
898,899,63219,116.210647,39.939312
66,67,41773,116.302168,40.090052
1428,1429,81638,116.421644,39.996488
1689,1690,63464,116.70063200000001,39.914747
1869,1870,65999,116.467922,39.993105
2074,2075,49094,116.661047,39.932185
2243,2244,58346,116.56053100000001,39.925155
2485,2486,81463,116.42244099999999,40.006907
1530,1531,97131,116.343898,39.995983
1429,1430,92391,116.351677,39.980567
1109,1110,43922,116.43268400000001,40.077562
2738,2739,95858,116.46044499999999,39.934142
1057,1058,67651,116.43876499999999,39.873373
2665,2666,51301,116.517963,39.86507
2164,2165,39306,116.648255,39.931905
2372,2373,51485,116.34003999999999,39.775896
394,395,40778,116.152698,40.116606
546,547,56109,116.60995700000001,39.91983
1326,1327,94672,116.31794,39.945339000000004
2047,2048,83944,116.313222,39.952186
1817,1818,51896,116.349005,40.079347
11,12,92733,116.37971100000001,40.017883000000005
515,516,48708,116.650653,39.914862
1828,1829,58773,116.42674299999999,39.868762
410,411,50128,116.64304399999999,39.878713
108,109,72753,116.457117,39.971046
2547,2548,56250,116.62206299999998,39.931519
2482,2483,128814,116.399018,39.978141
1706,1707,105425,116.428467,39.902511
2841,2842,95020,116.35571999999999,40.01918
224,225,79070,116.38088799999998,39.986466
2007,2008,41161,116.41678,40.071013
2671,2672,71034,116.477203,39.900109
523,524,66030,116.28323200000001,39.888903000000006
676,677,51803,116.534997,39.928559
1570,1571,50427,116.51433300000001,39.872735
59,60,55877,116.712033,39.925108
1759,1760,58583,116.295873,39.867642
1501,1502,75736,116.385429,39.986581
1241,1242,136681,116.37832900000001,39.917825
2557,2558,44961,116.64223799999999,39.90911
2492,2493,56281,116.427682,40.050832
1444,1445,43623,116.415742,40.077796
2285,2286,79848,116.273525,39.912989
763,764,76312,116.409861,40.042394
2742,2743,115385,116.490651,39.895343
1350,1351,43499,116.363152,40.089008
2178,2179,57490,116.66844099999999,39.897465000000004
1280,1281,64562,116.518849,39.931002
2139,2140,63525,116.30936299999999,39.893795000000004
2325,2326,46821,116.70193,39.899597
1510,1511,46838,116.344664,39.802704999999996
1029,1030,66304,116.70063200000001,39.914747
1990,1991,82330,116.511963,39.918935999999995
1114,1115,59126,116.22914899999999,39.900286
2519,2520,100703,116.486709,39.895879
53,54,84689,116.49299099999999,40.000253
573,574,51355,116.25791399999999,39.897113
2729,2730,86059,116.46859199999999,40.028148
2749,2750,54307,116.34900900000001,40.074638
735,736,104841,116.376015,40.018207000000004
2398,2399,46970,116.465305,39.818518
63,64,69955,116.446047,39.964131
320,321,73813,116.42013600000001,39.989832
857,858,71009,116.280601,40.037442
1393,1394,54860,116.561668,39.928981
839,840,59359,116.30850500000001,39.839489
1813,1814,64348,116.255917,39.880421000000005
1079,1080,93062,116.32295900000001,40.040525
17,18,42684,116.32803500000001,40.078668
2827,2828,46863,116.505206,39.809326
2840,2841,77988,116.41611699999999,39.999631
1228,1229,72658,116.34698799999998,40.035114
715,716,70502,116.447278,39.852878999999994
2797,2798,68694,116.47773000000001,40.002156
354,355,45064,116.415742,40.077796
2302,2303,27609,116.85037,39.963617
2627,2628,46406,116.64371499999999,40.137169
52,53,89684,116.490525,39.97146
773,774,85662,116.357301,40.011499
549,550,72167,116.442298,39.970551
1514,1515,57908,116.652626,39.909058
2314,2315,73563,116.34498500000001,39.891739
1437,1438,59955,116.22914899999999,39.900286
1373,1374,85470,116.450093,39.869164000000005
2765,2766,34711,116.683576,40.124464
2159,2160,70523,116.36436499999999,40.069487
1151,1152,57300,116.41148100000001,40.059131
2113,2114,84044,116.378697,40.020751000000004
240,241,105229,116.437281,39.918733
189,190,46233,116.35699,40.093976
1483,1484,106625,116.347797,39.976432
1338,1339,45465,116.69336000000001,39.879708
1845,1846,58386,116.41362099999999,40.013277
874,875,75108,116.41188500000001,39.870979999999996
2127,2128,57226,116.70106399999999,39.920295
628,629,50878,116.276474,39.886309999999995
2455,2456,75403,116.51373600000001,39.918473999999996
208,209,63311,116.437132,40.029447999999995
790,791,95211,116.370121,39.904030999999996
1187,1188,73697,116.465544,39.958969
1259,1260,54468,116.71133700000001,39.9184
2163,2164,65309,116.324898,39.891441
1782,1783,59794,116.450891,39.822297999999996
2209,2210,70192,116.337135,40.044990999999996
2024,2025,49258,116.44578500000001,40.077726
2637,2638,109664,116.29981799999999,39.943428000000004
399,400,43483,116.559275,40.113935
665,666,53876,116.330198,40.074228000000005
1645,1646,72379,116.258408,39.905019
2011,2012,117541,116.392381,39.974142
789,790,57901,116.636059,39.907157
967,968,94575,116.340103,39.98
997,998,51361,116.647356,39.896263
1125,1126,66447,116.32309099999999,39.888033
2199,2200,119197,116.433451,39.923705
1216,1217,50031,116.65150600000001,39.895875
332,333,65505,116.41090700000001,40.010894
1492,1493,44529,116.649455,40.141789
1336,1337,44248,116.399702,39.848513
419,420,61348,116.68924399999999,39.873245000000004
1282,1283,46492,116.34365700000001,39.788825
1583,1584,95046,116.378697,40.020751000000004
2202,2203,59305,116.69006999999999,39.870642
990,991,67177,116.380393,39.843844
1598,1599,95832,116.432396,39.951803000000005
2697,2698,77019,116.42420700000001,40.031743
2203,2204,117895,116.440069,39.902423
1363,1364,62009,116.69133000000001,39.897203000000005
951,952,89034,116.413174,39.972706
1820,1821,65081,116.214924,39.927902
1735,1736,33351,116.40231299999999,40.109772
688,689,53605,116.504346,39.881279
1993,1994,86657,116.349984,39.992769
2027,2028,80074,116.320453,40.039032
667,668,50396,116.64304399999999,39.878713
1391,1392,40265,116.431552,40.082903
1291,1292,49919,116.497651,39.80645
1657,1658,100000,116.37971100000001,40.017883000000005
1140,1141,54300,116.330198,40.074228000000005
2658,2659,48654,116.698943,39.942109
2539,2540,59617,116.508046,39.799319
693,694,98760,116.42935200000001,39.904538
472,473,80233,116.437025,40.059329
2282,2283,70915,116.467922,39.993105
669,670,146392,116.32538500000001,39.984968
852,853,75285,116.483602,39.893412
984,985,32683,116.41917,40.124757
583,584,41753,116.43934099999998,40.082372
340,341,84653,116.301217,40.028811
371,372,45106,116.17517,39.940346000000005
678,679,94974,116.459652,39.901899
1626,1627,52587,116.62150700000001,39.933755
1669,1670,25000,116.85037,39.963617
1203,1204,86253,116.268601,39.933567
2772,2773,56984,116.600168,39.937451
757,758,85600,116.381497,39.97775
1726,1727,36043,116.33851899999999,39.789061
599,600,92365,116.439746,39.905443
501,502,56825,116.65243999999998,39.883322
2110,2111,43919,116.42537,40.052808
436,437,44860,116.41678,40.071013
1756,1757,42531,116.332219,39.74026
429,430,76089,116.24700800000001,39.906426
2526,2527,104439,116.30441499999999,39.918054999999995
1163,1164,23937,116.84828,39.951229999999995
823,824,35251,116.42350400000001,40.083027
1007,1008,34759,116.41678,40.071013
1640,1641,72038,116.37283899999998,39.872690999999996
2521,2522,62374,116.29628600000001,39.870107
1546,1547,56976,116.685667,39.925912
272,273,50924,116.509975,39.970471
360,361,53967,116.25624099999999,39.89887
1021,1022,30346,116.85037,39.963617
1776,1777,81237,116.385994,39.995746999999994
2154,2155,48840,116.33376499999999,40.078920000000004
2566,2567,88376,116.367726,39.894515999999996
1764,1765,40771,116.297022,39.788637
1587,1588,71213,116.482018,40.004978
1619,1620,56349,116.594761,39.921447
498,499,84643,116.420546,39.997876
1245,1246,56444,116.27292800000001,39.885267
1604,1605,53326,116.70846599999999,39.925012
893,894,53133,116.69986000000002,39.938638
409,410,98068,116.464603,39.905054
1713,1714,98997,116.301709,39.919502
2891,2892,71244,116.46191200000001,39.998363
2683,2684,53624,116.21210500000001,39.940814
1130,1131,41073,116.425304,40.112553000000005
1461,1462,53579,116.475021,40.010031
457,458,74659,116.491708,40.003156
500,501,42577,116.32260900000001,40.089206
2760,2761,59241,116.35751299999998,40.0711
1924,1925,58145,116.426976,39.860988
2235,2236,53286,116.47369499999999,39.876155
2471,2472,60721,116.35751299999998,40.0711
2597,2598,56621,116.43438799999998,40.0451
2400,2401,66511,116.390064,40.007825
1547,1548,63690,116.51218200000001,39.928407
1992,1993,71188,116.337135,40.044990999999996
1181,1182,51370,116.42919499999999,40.069019
1063,1064,39216,116.43268400000001,40.077562
428,429,44845,116.441424,39.813718
2786,2787,62220,116.490126,39.920449
713,714,103198,116.30998400000001,39.965790000000005
5,6,55747,116.530553,39.921425
2187,2188,64643,116.51291599999999,39.966511
1335,1336,54960,116.42961799999999,40.0507
2042,2043,60802,116.60911599999999,39.903738
1258,1259,47505,116.43934099999998,40.082372
2693,2694,62673,116.29593799999999,39.873528
1766,1767,57018,116.26324,39.89843
464,465,53783,116.35935800000001,39.964464
85,86,35413,116.33863899999999,40.079333
247,248,47561,116.465305,39.818518
2804,2805,89172,116.471076,39.995318
2155,2156,57872,116.39001299999998,39.839669
2624,2625,52418,116.568799,39.853078000000004
60,61,52017,116.35751299999998,40.0711
314,315,123707,116.38483000000001,40.014138
1292,1293,63699,116.471626,39.8946
2589,2590,52611,116.395776,40.084277
771,772,51818,116.638919,39.900576
1544,1545,55846,116.67199099999999,39.887056
65,66,48582,116.57395,39.928779999999996
267,268,67871,116.24700800000001,39.906426
1400,1401,60631,116.42961799999999,40.0507
1030,1031,100655,116.30506299999999,39.91533
126,127,72657,116.486709,39.895879
930,931,87886,116.29809399999999,39.95077
1134,1135,95280,116.425978,40.002210999999996
2691,2692,86813,116.40926599999999,40.003413
2498,2499,62569,116.362306,40.035119
1621,1622,65039,116.319276,40.063328999999996
172,173,29936,116.44578500000001,40.077726
1517,1518,36122,116.15120900000001,39.742315999999995
